Date,Close/Last,Volume,Open,High,Low
04/29/2025,$292.03,108906600,$285.50,$293.32,$279.47
04/28/2025,$285.88,151731800,$288.98,$294.86,$272.42
04/25/2025,$284.95,167560700,$261.69,$286.85,$259.63
04/24/2025,$259.51,94464200,$250.50,$259.54,$249.20
04/23/2025,$250.74,150381900,$254.86,$259.45,$244.43
04/22/2025,$237.97,120858500,$230.96,$242.79,$229.85
04/21/2025,$227.50,97768010,$230.26,$232.21,$222.79
04/17/2025,$241.37,83404780,$243.47,$244.34,$237.68
04/16/2025,$241.55,112378700,$247.61,$251.97,$233.89
04/15/2025,$254.11,79594320,$249.91,$258.75,$247.54
04/14/2025,$252.35,100135200,$258.36,$261.80,$245.93
04/11/2025,$252.31,128948100,$251.84,$257.74,$241.36
04/10/2025,$252.40,181722600,$260.00,$262.49,$239.33
04/09/2025,$272.20,219433400,$224.69,$274.69,$223.88
04/08/2025,$221.86,171603500,$245.00,$250.44,$217.80
04/07/2025,$233.29,183453800,$223.78,$252.00,$214.25
04/04/2025,$239.43,181229400,$255.38,$261.00,$236.00
04/03/2025,$267.28,136174300,$265.29,$276.30,$261.51
04/02/2025,$282.76,212787800,$254.60,$284.99,$251.27
04/01/2025,$268.46,146486900,$263.80,$277.45,$259.25
03/31/2025,$259.16,134008900,$249.31,$260.56,$243.36
03/28/2025,$263.55,123809400,$275.58,$276.10,$260.57
03/27/2025,$273.13,162572100,$272.48,$291.85,$271.82
03/26/2025,$272.06,156254400,$282.66,$284.90,$266.51
03/25/2025,$288.14,150361500,$283.60,$288.20,$271.28
03/24/2025,$278.39,169079900,$258.08,$278.64,$256.33
03/21/2025,$248.71,132728700,$234.99,$249.52,$234.55
03/20/2025,$236.26,99028270,$233.35,$238.00,$230.05
03/19/2025,$235.86,111993800,$231.61,$241.41,$229.20
03/18/2025,$225.31,111477600,$228.16,$230.10,$222.28
03/17/2025,$238.01,111900600,$245.06,$245.40,$232.80
03/14/2025,$249.98,100242300,$247.31,$251.58,$240.73
03/13/2025,$240.68,114813500,$248.13,$248.29,$232.60
03/12/2025,$248.09,142215700,$247.22,$251.84,$241.10
03/11/2025,$230.58,174896400,$225.31,$237.06,$217.02
03/10/2025,$222.15,189076900,$252.54,$253.37,$220.00
03/07/2025,$262.67,102369600,$259.32,$266.25,$250.73
03/06/2025,$263.45,98451570,$272.06,$272.65,$260.02
03/05/2025,$279.10,94042910,$272.92,$279.55,$267.71
03/04/2025,$272.04,126706600,$270.93,$284.35,$261.84
03/03/2025,$284.65,115551400,$300.34,$303.94,$277.30
02/28/2025,$292.98,115697000,$279.50,$293.88,$273.60
02/27/2025,$281.95,101748200,$291.16,$297.23,$280.88
02/26/2025,$290.80,100118300,$303.72,$309.00,$288.04
02/25/2025,$302.80,134228800,$327.03,$328.89,$297.25
02/24/2025,$330.53,76052320,$338.14,$342.40,$324.70
02/21/2025,$337.80,74058650,$353.44,$354.98,$334.42
02/20/2025,$354.40,45965350,$361.51,$362.30,$348.00
02/19/2025,$360.56,67094370,$354.00,$367.34,$353.67
02/18/2025,$354.11,51631700,$355.01,$359.10,$350.02
02/14/2025,$355.84,68277280,$360.62,$362.00,$347.50
02/13/2025,$355.94,89441520,$345.00,$358.69,$342.85
02/12/2025,$336.51,105382700,$329.94,$346.40,$329.12
02/11/2025,$328.50,118543400,$345.80,$349.37,$325.10
02/10/2025,$350.73,77514900,$356.21,$362.70,$350.51
02/07/2025,$361.62,70298260,$370.19,$380.55,$360.34
02/06/2025,$374.32,77918230,$373.03,$375.40,$363.18
02/05/2025,$378.17,57614720,$387.51,$388.39,$375.53
02/04/2025,$392.21,57072240,$382.63,$394.00,$381.40
02/03/2025,$383.68,93732120,$386.68,$389.17,$374.36
01/31/2025,$404.60,83568220,$401.53,$419.99,$401.34
01/30/2025,$400.28,98092880,$410.78,$412.50,$384.41
01/29/2025,$389.10,68033650,$395.21,$398.59,$384.48
01/28/2025,$398.09,48910680,$396.91,$400.59,$386.50
01/27/2025,$397.15,58125510,$394.80,$406.69,$389.00
01/24/2025,$406.58,56427150,$414.45,$418.88,$405.78
01/23/2025,$412.38,50690590,$416.06,$420.73,$408.95
01/22/2025,$415.11,60963340,$416.81,$428.00,$414.59
01/21/2025,$424.07,87320890,$432.64,$433.20,$406.31
01/17/2025,$426.50,94991430,$421.50,$439.74,$419.75
01/16/2025,$413.82,68335150,$423.49,$424.00,$409.13
01/15/2025,$428.22,81375460,$409.90,$429.80,$405.66
01/14/2025,$396.36,84565020,$414.34,$422.64,$394.54
01/13/2025,$403.31,67580490,$383.21,$403.79,$380.07
01/10/2025,$394.74,62287330,$391.40,$399.28,$377.29
01/08/2025,$394.94,73038810,$392.95,$402.50,$387.40
01/07/2025,$394.36,75699530,$405.83,$414.33,$390.00
01/06/2025,$411.05,85516530,$423.20,$426.43,$401.70
01/03/2025,$410.44,95423330,$381.48,$411.88,$379.45
01/02/2025,$379.28,109710700,$390.10,$392.73,$373.04
12/31/2024,$403.84,76825120,$423.79,$427.93,$402.54
12/30/2024,$417.41,64941010,$419.40,$427.00,$415.75
12/27/2024,$431.66,82666820,$449.52,$450.00,$426.50
12/26/2024,$454.13,76651210,$465.16,$465.33,$451.02
12/24/2024,$462.28,59551750,$435.90,$462.78,$435.14
12/23/2024,$430.60,72698060,$431.00,$434.51,$415.41
12/20/2024,$421.06,132216200,$425.51,$447.08,$417.64
12/19/2024,$436.17,118566100,$451.88,$456.36,$420.02
12/18/2024,$440.13,149340800,$466.50,$488.54,$427.01
12/17/2024,$479.86,131223000,$475.90,$483.99,$457.51
12/16/2024,$463.02,114083800,$441.09,$463.19,$436.15
12/13/2024,$436.23,89000160,$420.00,$436.30,$415.71
12/12/2024,$418.10,87752230,$424.84,$429.30,$415.00
12/11/2024,$424.77,104287600,$409.70,$424.88,$402.38
12/10/2024,$400.99,97563580,$392.68,$409.73,$390.85
12/09/2024,$389.79,96359170,$397.61,$404.80,$378.01
12/06/2024,$389.22,81455830,$377.42,$389.49,$370.80
12/05/2024,$369.49,81403570,$359.87,$375.43,$359.50
12/04/2024,$357.93,50810870,$353.00,$358.10,$348.60
12/03/2024,$351.42,58267200,$351.80,$355.69,$348.20
12/02/2024,$357.09,77986480,$352.38,$360.00,$351.15
11/29/2024,$345.16,37167620,$336.08,$345.45,$334.65
11/27/2024,$332.89,57896440,$341.80,$342.55,$326.59
11/26/2024,$338.23,62295860,$341.00,$346.96,$335.66
11/25/2024,$338.59,95890900,$360.14,$361.93,$338.20
11/22/2024,$352.56,89140720,$341.09,$361.53,$337.70
11/21/2024,$339.64,58011720,$343.81,$347.99,$335.28
11/20/2024,$342.03,66340650,$345.00,$346.60,$334.30
11/19/2024,$346.00,88852450,$335.76,$347.38,$332.75
11/18/2024,$338.74,126547500,$340.73,$348.55,$330.01
11/15/2024,$320.72,114440300,$310.57,$324.68,$309.22
11/14/2024,$311.18,120726100,$327.69,$329.98,$310.37
11/13/2024,$330.24,125405600,$335.85,$344.60,$322.50
11/12/2024,$328.49,155726000,$342.74,$345.84,$323.31
11/11/2024,$350.00,210521600,$346.30,$358.64,$336.00
11/08/2024,$321.22,204782800,$299.14,$328.71,$297.66
11/07/2024,$296.91,117309200,$288.89,$299.75,$285.52
11/06/2024,$288.53,165228700,$284.67,$289.59,$275.62
11/05/2024,$251.44,69282510,$247.34,$255.28,$246.21
11/04/2024,$242.84,68802350,$244.56,$248.90,$238.88
11/01/2024,$248.98,57544760,$252.04,$254.00,$246.63
10/31/2024,$249.85,66575290,$257.99,$259.75,$249.25
10/30/2024,$257.55,53993580,$258.04,$263.35,$255.82
10/29/2024,$259.52,80521750,$264.51,$264.98,$255.51
10/28/2024,$262.51,107653600,$270.00,$273.54,$262.24
10/25/2024,$269.19,161611900,$256.01,$269.49,$255.32
10/24/2024,$260.48,204491900,$244.68,$262.12,$242.65
10/23/2024,$213.65,80938890,$217.13,$218.72,$212.11
10/22/2024,$217.97,43268740,$217.31,$218.22,$215.26
10/21/2024,$218.85,47328990,$218.90,$220.48,$215.73
10/18/2024,$220.70,49611870,$220.71,$222.28,$219.23
10/17/2024,$220.89,50791780,$221.59,$222.08,$217.90
10/16/2024,$221.33,49632820,$221.40,$222.82,$218.93
10/15/2024,$219.57,62988790,$220.01,$224.26,$217.12
10/14/2024,$219.16,86291920,$220.13,$221.91,$213.74
10/11/2024,$217.80,142628900,$220.13,$223.34,$214.38
10/10/2024,$238.77,83087060,$241.81,$242.79,$232.34
10/09/2024,$241.05,66289530,$243.82,$247.43,$239.51
10/08/2024,$244.50,56303160,$243.56,$246.21,$240.56
10/07/2024,$240.83,68113270,$249.00,$249.83,$240.70
10/04/2024,$250.08,86726290,$246.69,$250.96,$244.58
10/03/2024,$240.66,80729240,$244.48,$249.79,$237.81
10/02/2024,$249.02,93983930,$247.55,$251.16,$241.50
10/01/2024,$258.02,87397610,$262.67,$263.98,$248.53
09/30/2024,$261.63,80873380,$259.04,$264.86,$255.77
09/27/2024,$260.46,70988070,$257.38,$260.70,$254.12
09/26/2024,$254.22,67142190,$260.60,$261.75,$251.53
09/25/2024,$257.02,65034320,$252.54,$257.05,$252.28
09/24/2024,$254.27,88491000,$254.08,$257.19,$249.05
09/23/2024,$250.00,86927190,$242.61,$250.00,$241.92
09/20/2024,$238.25,99879070,$241.52,$243.99,$235.92
09/19/2024,$243.92,102694600,$234.00,$244.24,$232.13
09/18/2024,$227.20,78010200,$230.09,$235.68,$226.88
09/17/2024,$227.87,66761640,$229.45,$234.57,$226.55
09/16/2024,$226.78,54323000,$229.30,$229.96,$223.53
09/13/2024,$230.29,59515110,$228.00,$232.67,$226.32
09/12/2024,$229.81,72020040,$224.66,$231.45,$223.83
09/11/2024,$228.13,83548630,$224.55,$228.47,$216.80
09/10/2024,$226.17,78891140,$220.07,$226.40,$218.64
09/09/2024,$216.27,67443520,$216.20,$219.87,$213.67
09/06/2024,$210.73,112177000,$232.60,$233.60,$210.51
09/05/2024,$230.17,119355000,$223.49,$235.00,$222.25
09/04/2024,$219.41,80651770,$210.59,$222.22,$210.57
09/03/2024,$210.60,76714220,$215.26,$219.90,$209.64
08/30/2024,$214.11,63370610,$208.63,$214.57,$207.03
08/29/2024,$206.28,62308820,$209.80,$214.89,$205.97
08/28/2024,$205.75,64116350,$209.72,$211.84,$202.59
08/27/2024,$209.21,62821390,$213.25,$215.66,$206.94
08/26/2024,$213.21,59301190,$218.75,$219.09,$211.01
08/23/2024,$220.32,81525210,$214.46,$221.48,$214.21
08/22/2024,$210.66,79514480,$223.82,$224.80,$210.32
08/21/2024,$223.27,70145960,$222.67,$224.66,$218.86
08/20/2024,$221.10,74001180,$224.88,$228.22,$219.56
08/19/2024,$222.72,76435220,$217.07,$222.98,$214.09
08/16/2024,$216.12,88765120,$211.15,$219.80,$210.80
08/15/2024,$214.14,89848530,$205.02,$215.88,$204.82
08/14/2024,$201.38,70250010,$207.39,$208.44,$198.75
08/13/2024,$207.83,76247390,$198.47,$208.49,$197.06
08/12/2024,$197.49,64044900,$199.02,$199.26,$194.67
08/09/2024,$200.00,58648270,$197.05,$200.88,$195.11
08/08/2024,$198.84,65033870,$195.70,$200.70,$192.04
08/07/2024,$191.76,71159780,$200.77,$203.49,$191.48
08/06/2024,$200.64,73783940,$200.75,$202.90,$192.67
08/05/2024,$198.88,100308800,$185.22,$203.88,$182.00
08/02/2024,$207.67,82880120,$214.88,$216.13,$205.78
08/01/2024,$216.86,83861900,$227.69,$231.87,$214.33
07/31/2024,$232.07,67497010,$227.90,$234.68,$226.79
07/30/2024,$222.62,100560300,$232.25,$232.41,$220.00
07/29/2024,$232.10,129201800,$224.90,$234.27,$224.70
07/26/2024,$219.80,94604150,$221.19,$222.28,$215.33
07/25/2024,$220.25,100636500,$216.80,$226.00,$216.23
07/24/2024,$215.99,167942900,$225.42,$225.99,$214.71
07/23/2024,$246.38,111928200,$253.60,$255.76,$245.63
07/22/2024,$251.51,101225400,$244.21,$253.21,$243.75
07/19/2024,$239.20,87403900,$247.79,$249.44,$236.83
07/18/2024,$249.23,110869000,$251.09,$257.14,$247.20
07/17/2024,$248.50,115584800,$252.73,$258.47,$246.18
07/16/2024,$256.56,126332500,$255.31,$258.62,$245.80
07/15/2024,$252.64,146912900,$255.97,$265.60,$251.73
07/12/2024,$248.23,155955800,$235.80,$251.84,$233.09
07/11/2024,$241.03,221707300,$263.30,$271.00,$239.65
07/10/2024,$263.26,128519400,$262.80,$267.59,$257.86
07/09/2024,$262.33,160742500,$251.00,$265.61,$250.30
07/08/2024,$252.94,157219600,$247.71,$259.44,$244.57
07/05/2024,$251.52,154501200,$249.81,$252.37,$242.46
07/03/2024,$246.39,166561500,$234.56,$248.35,$234.25
07/02/2024,$231.26,205047900,$218.89,$231.30,$218.06
07/01/2024,$209.86,135691400,$201.02,$213.23,$200.85
06/28/2024,$197.88,95438070,$199.55,$203.20,$195.26
06/27/2024,$197.42,72746520,$195.17,$198.72,$194.05
06/26/2024,$196.37,95737070,$186.54,$197.76,$186.36
06/25/2024,$187.35,63678270,$184.40,$187.97,$182.01
06/24/2024,$182.58,61992070,$184.97,$188.80,$182.55
06/21/2024,$183.01,63029480,$182.30,$183.95,$180.69
06/20/2024,$181.57,55893140,$184.68,$185.21,$179.66
06/18/2024,$184.86,68982270,$186.56,$187.20,$182.37
06/17/2024,$187.44,109786100,$177.92,$188.81,$177.00
06/14/2024,$178.01,82038190,$185.80,$186.00,$176.92
06/13/2024,$182.47,118984100,$188.39,$191.08,$181.23
06/12/2024,$177.29,90389450,$171.12,$180.55,$169.80
06/11/2024,$170.66,64761930,$173.92,$174.75,$167.41
06/10/2024,$173.79,50869680,$176.06,$178.57,$173.17
06/07/2024,$177.48,56244930,$176.13,$179.35,$175.58
06/06/2024,$177.94,69887020,$174.60,$179.73,$172.73
06/05/2024,$175.00,57953760,$175.35,$176.15,$172.13
06/04/2024,$174.77,60056340,$174.78,$177.76,$174.00
06/03/2024,$176.29,68568920,$178.13,$182.64,$174.49
05/31/2024,$178.08,67314600,$178.50,$180.32,$173.82
05/30/2024,$178.79,77784760,$178.58,$182.67,$175.38
05/29/2024,$176.19,54782650,$174.19,$178.15,$173.93
05/28/2024,$176.75,59736620,$176.40,$178.25,$173.16
05/24/2024,$179.24,65584480,$174.84,$180.08,$173.73
05/23/2024,$173.74,71975500,$181.80,$181.90,$173.26
05/22/2024,$180.11,88313480,$182.85,$183.80,$178.12
05/21/2024,$186.60,115266500,$175.51,$186.88,$174.71
05/20/2024,$174.95,61727430,$177.56,$177.75,$173.52
05/17/2024,$177.46,77445850,$173.55,$179.63,$172.75
05/16/2024,$174.84,59812220,$174.10,$175.79,$171.43
05/15/2024,$173.99,79662990,$179.90,$180.00,$173.11
05/14/2024,$177.55,86407420,$174.50,$179.49,$174.07
05/13/2024,$171.89,67018900,$170.00,$175.40,$169.00
05/10/2024,$168.47,72627180,$173.05,$173.06,$167.75
05/09/2024,$171.97,65950290,$175.01,$175.62,$171.37
05/08/2024,$174.72,79969490,$171.59,$176.06,$170.15
05/07/2024,$177.81,75045850,$182.40,$183.26,$177.40
05/06/2024,$184.76,84390250,$183.80,$187.56,$182.20
05/03/2024,$181.19,75491540,$182.10,$184.78,$178.42
05/02/2024,$180.01,89148040,$182.86,$184.60,$176.02
05/01/2024,$179.99,92829720,$182.00,$185.86,$179.01
04/30/2024,$183.28,127031800,$186.98,$190.95,$182.84