company,timestamp,ticker,tweet_text
Tesla,Tue Apr 29 02:23:56 +0000 2025,stocks[name][1],"Just a reminder. 

Martin Eberhard and Marc Tarpenning
were the creators and founders of Tesla.

Not Elon. https://t.co/QGRYclRPbu"
Tesla,Wed Apr 30 02:18:41 +0000 2025,stocks[name][1],Watch FSD being cautious not to reach the stop line until the oncoming semi completed the right turn. Only human drivers do that. So can FSD. https://t.co/qTVG7KWt8Y
Tesla,Wed Apr 30 16:11:42 +0000 2025,stocks[name][1],"Cybertruck is a failure, Tesla collapse incoming https://t.co/yDXfKSFsRE"
Tesla,Wed Apr 30 15:02:50 +0000 2025,stocks[name][1],"Tesla Hater Women * What do you think?

Please share to make this stupid women famous! $TSLA https://t.co/KFTrrf59xl"
Tesla,Wed Apr 30 04:12:36 +0000 2025,stocks[name][1],"“boba tea… gnarly
tesla… gnarly
fried chicken… gnarly” https://t.co/OM6cI9dYhE"
Tesla,Wed Apr 30 21:38:53 +0000 2025,stocks[name][1],"Anyone looking for a mid day laugh?

A liberal man attempted and failed to smash a Tesla window, only to get arrested moments later! 😂 
 https://t.co/vFGLF9DAzp"
Tesla,Wed Apr 30 21:31:28 +0000 2025,stocks[name][1],Tesla Vandalizer gets BLASTED by POO filled Cannon! 😂 https://t.co/RC5dohmCEn
Tesla,Wed Apr 30 10:25:30 +0000 2025,stocks[name][1],"Time to get loud for Elon Musk and Tesla
 
Drop a “❤️” in the comments if you FULLY support Elon Musk and Tesla for what they do for America https://t.co/VNe30T3s9q"
Tesla,Tue Apr 29 13:39:27 +0000 2025,stocks[name][1],This is the moment that Tesla was done as a brand. Outside of Elon’s banishment there is no coming back from this nor should there be. https://t.co/B51y54kDLL
Tesla,Wed Apr 30 04:23:43 +0000 2025,stocks[name][1],them making us wait this fucking long and building up the hype… and we get a tesla lyric in the first 10 seconds… #KATSEYE_Gnarly  https://t.co/XiFoPOKazI
Tesla,Tue Apr 29 22:47:01 +0000 2025,stocks[name][1],"Tesla Cybertruck Vandalized – Help Identify the Suspect! 

The incident happened Saturday outside a Floor &amp; Decor store at the Carson Town Center.

Please share to find this stupid guy! $TSLA
https://t.co/x7oah5CotN"
Tesla,Tue Apr 29 14:11:26 +0000 2025,stocks[name][1],Good morning humans 🤣 https://t.co/upvA3Sbg4A
Tesla,Wed Apr 23 16:07:48 +0000 2025,stocks[name][1],Never deleting this app 😂 $TSLA https://t.co/5phqxK9yk2
Tesla,Wed Apr 30 21:48:04 +0000 2025,stocks[name][1],$TSLA sometimes you just need to wait .... the tic toc moment will come.... https://t.co/cDKX1h2YWA
Tesla,Wed Apr 30 19:58:41 +0000 2025,stocks[name][1],This  will gap up tomorrow ! Let’em stay short over night !!  $TSLA https://t.co/S0sFogsIOY
Tesla,Wed Apr 30 15:02:50 +0000 2025,stocks[name][1],"Tesla Hater Women * What do you think?

Please share to make this stupid women famous! $TSLA https://t.co/KFTrrf59xl"
Tesla,Tue Apr 29 22:47:01 +0000 2025,stocks[name][1],"Tesla Cybertruck Vandalized – Help Identify the Suspect! 

The incident happened Saturday outside a Floor &amp; Decor store at the Carson Town Center.

Please share to find this stupid guy! $TSLA
https://t.co/x7oah5CotN"
Tesla,Wed Apr 30 19:16:00 +0000 2025,stocks[name][1],$TSLA - I promise to not change this... this is my final revision for this bull count... very clear that this will happen... 315 could happen by the end of this week or early next week... 340+ by May 15th at the earliest https://t.co/Er3fN4U3rr
Tesla,Tue Apr 29 23:37:55 +0000 2025,stocks[name][1],RIP $TSLA https://t.co/SAUBt37Vfp
Tesla,Tue Apr 22 19:24:10 +0000 2025,stocks[name][1],$TSLA is going to go to $155. https://t.co/hH0ujrNC7s
Tesla,Wed Apr 30 12:56:03 +0000 2025,stocks[name][1],BUY THE FUCKING DIP $TSLA https://t.co/tLMwVbPbfW
Tesla,Wed Apr 30 07:27:06 +0000 2025,stocks[name][1],"$TSLA will become the most valuable company in the world very soon

Goodnight 😴 https://t.co/qN6bJeTFo7"
Tesla,Wed Apr 30 11:38:23 +0000 2025,stocks[name][1],"$TSLA

Buy the dips on Tesla. 

I promise you this will make you a millionaire this year. https://t.co/cVyEb99dVS"
Tesla,Tue Apr 29 20:04:58 +0000 2025,stocks[name][1],"If $TSLA surpasses $300, we are going much higher. https://t.co/azD7IL9ULq"
Tesla,Wed Apr 30 12:45:14 +0000 2025,stocks[name][1],#Tesla stock down almost $10 today https://t.co/K9Msd7FNUp
Tesla,Mon Apr 28 20:29:56 +0000 2025,stocks[name][1],All in Tesla stock status today up $4400. All my money in Tesla stock. I have no other stocks. My goal is $10 mil. I will post every day until we get to $10 mil #tsla https://t.co/mihECLozIf
Tesla,Wed Apr 30 05:15:00 +0000 2025,stocks[name][1],"I React To Jeremy (Financial Education) Selling Tesla Stock

Grab your popcorn! 🍿

$TSLA https://t.co/Y0bDBwygQl"
Tesla,Thu Apr 24 13:16:42 +0000 2025,stocks[name][1],"Dem, Rep, religious, or not, $TSLA stock or not—I’d still own a Tesla. Never about status or virtue signaling. On my 2nd Tesla now, just love them. Used to buy, sell, detail cars—Tesla builds the best vehicles by far. Easy, dependable, fun, works. https://t.co/AkIWDnR6Up"
Tesla,Wed Apr 30 18:56:36 +0000 2025,stocks[name][1],Tesla has become polarizing because of elon musks involvement in the federal government. Heres my updated take on the company and its stock. https://t.co/iy9GqitwjR
Tesla,Wed Apr 30 22:04:39 +0000 2025,stocks[name][1],"For the first time in 5 years, a $TSLA insider just bought stock! 

Joe Gebbia, Tesla board member and Airbnb co-founder, bought $1.02M of $TSLA at $256/share. Some say it's a bullish sign. Others say it doesn’t mean much since he’s a billionaire!

@HansCNelson explains why https://t.co/DiED5fgwaz"
Tesla,Wed Apr 30 19:57:05 +0000 2025,stocks[name][1],"By the way if you have not supported Tesla with purchasing one share of stock, please tell me why not? I have and I am not rich, but I do support a man who has lost millions to save America. What in the hell have you done to save America? See my point purchase one share feal good"
Tesla,Tue Apr 22 20:34:14 +0000 2025,stocks[name][1],"A devastating Tesla earnings report today…

Net income fell 71%.
Total revenue slid 9% from $21.3 billion a year earlier.
Tesla stock down 41% so far in 2025, suffered their worst quarterly drop since 2022. https://t.co/D0fj4nJkgn"
Tesla,Mon Apr 28 23:10:26 +0000 2025,stocks[name][1],"BREAKING: Tesla board member Joe Gebbia (co-founder of Airbnb) has purchased $1.02 million of $TSLA stock, the first time an insider has purchased Tesla stock in ~5 years. https://t.co/nkJWaOgVM6"
Tesla,Wed Apr 30 05:47:35 +0000 2025,stocks[name][1],"As a Norwegian citizen, I demand that the Norwegian Oil Fund sell all shares in Tesla and move away from all US stocks and invest in Europe 

We did not survive the Nazi occupation to finance fascist USA

Agree? Write to:
Postmottak@etikkradet.no
#swasticars
#BoycottUSA https://t.co/CS8JagdnKT"
Tesla,Tue Apr 22 22:32:52 +0000 2025,stocks[name][1],"Elon just compared Tesla to Ford on the earnings call.  For once I agree with him!!

Ford valuation: $38 Billion 

Tesla valuation:  $765 billion…

Just a -94% drop in stock price from here!!

$Tsla https://t.co/8wzHp7Jk4h"
Tesla,Mon Apr 28 22:50:31 +0000 2025,stocks[name][1],"*TESLA DIRECTOR JOSEPH GEBBIA DISCLOSES PURCHASE OF $1 MILLION+ OF TESLA SHARES AT $256/SHARE 

*FIRST TESLA INSIDER BUY SINCE 2020 $TSLA https://t.co/5mAHsXlqdh"
Tesla,Tue Apr 29 20:35:34 +0000 2025,stocks[name][1],JUST IN 🚨: Tesla $TSLA becomes the first Magnificent 7 stock to close back above its 200 Day Moving Average 📈📈 https://t.co/CYcZkAVggM
Tesla,Thu Mar 27 00:05:54 +0000 2025,stocks[name][1],"25% tariffs on all foreign-made cars sold in the U.S?

You can get on the wagon or ignore it but it’s very clear the wind will be at the back of $TSLA for the next 4 years. 

Anything that can be done to help Tesla will be done by the current administration. https://t.co/5VYnTINUpR"
Tesla,Thu Mar 06 09:05:04 +0000 2025,stocks[name][1],"🚨With Tesla's entry in India, U.S wants zero tariff on cars in trade deal. 

India currently taxes car imports as much as 110% https://t.co/xvFo04XvjY"
Tesla,Wed Apr 30 12:23:09 +0000 2025,stocks[name][1],"Tesla could never survive as a company without special favors from the government

https://t.co/Br1iDoJaQT"
Tesla,Tue Apr 29 23:00:42 +0000 2025,stocks[name][1],LOOK LIKE ONLY TESLAS EXEMPT FROM NEW AUTO TARIFFS THANKS TO 85% DOMESTIC CONTENT RULE? 💀(NOT SURE IF I UNDERSTAND IT CORRECTLY) https://t.co/scIbOBlHMD
Tesla,Mon Apr 07 19:13:59 +0000 2025,stocks[name][1],"The car manufacturer least affected by the Tarrifs is #Tesla 😍
Have factory in US, China and EU so cars sold are made in country delivered...smart move @elonmusk 😁👏
Great future ahead for $TSLA so are prepared for 🚀🚀 https://t.co/8aTVS8PJhE"
Tesla,Wed Mar 26 22:06:46 +0000 2025,stocks[name][1],"BREAKING:

PRESIDENT TRUMP JUST ANNOUNCED A 25% TARIFF ON ALL VEHICLES NOT MADE IN THE U.S. 

This is bullish for $TSLA, as all of Tesla’s cars sold in America, are made in America 🇺🇸 https://t.co/qYOFWVYaEQ"
Tesla,Tue Apr 08 17:47:59 +0000 2025,stocks[name][1],A summary of the tarrifs... https://t.co/wncLHudDF3
Tesla,Tue Apr 29 16:41:10 +0000 2025,stocks[name][1],"First Canada tariffs on Tesla's and now New York moves to remove all Tesla dealers⁉️

I have no doubt this will push Elon Musk to do something extremely inhuman and drastic against American policies and laws on human rights. https://t.co/838PcjP7cE"
Tesla,Tue Aug 20 10:52:48 +0000 2024,stocks[name][1],"BREAKING: Tesla will pay new tariffs of 9%, down from 20.8% on their cars made in China. 🇨🇳 https://t.co/0LdV8RUlge"
Tesla,Thu Apr 03 17:30:39 +0000 2025,stocks[name][1],#canada #tesla #musk #tarrifs #trump #maga #ev #tariffs https://t.co/gxeKNcHeqQ
Tesla,Tue Apr 08 17:36:41 +0000 2025,stocks[name][1],A summary of the tarrifs... https://t.co/9wgsUcU80G
Tesla,Tue Apr 29 22:26:12 +0000 2025,stocks[name][1],"Okay, legitimate question. Does this not seem corrupt to anyone else?

https://t.co/wu9crQP08z"
Tesla,Sun Apr 06 11:02:26 +0000 2025,stocks[name][1],"#Trump #Zölle #tarrifs #Tesla
Netzfund https://t.co/D2etk1o9Uf"
Tesla,Tue Apr 08 09:27:37 +0000 2025,stocks[name][1],As the #dictator watches us burn. #trump #economy #tarrifs #tarrif #tesla #usa https://t.co/HDHgPwWD3F
Tesla,Wed Apr 30 00:15:20 +0000 2025,stocks[name][1],$TSLA #TSLA - Institutes are Buying Tesla Shares in Billions $$!! https://t.co/MUoS8dgbsf
Tesla,Mon Apr 28 20:29:56 +0000 2025,stocks[name][1],All in Tesla stock status today up $4400. All my money in Tesla stock. I have no other stocks. My goal is $10 mil. I will post every day until we get to $10 mil #tsla https://t.co/mihECLozIf
Tesla,Wed Apr 30 09:16:24 +0000 2025,stocks[name][1],"테슬라 투자 1년만에 200개달성 ~~

박대표님 감사합니다 

#TSLA https://t.co/rseUjp9IHB"
Tesla,Wed Apr 30 05:54:31 +0000 2025,stocks[name][1],Boy runs into road and FSD slows down from 21 to 6 mph to prevent any accident. FSD saving lives ❤️#tsla https://t.co/pc5kE7pyAi
Tesla,Wed Apr 30 03:28:22 +0000 2025,stocks[name][1],People drive everywhere I FSD everywhere #TSLA https://t.co/0OVQ0Z8atX
Tesla,Wed Apr 30 10:10:28 +0000 2025,stocks[name][1],"If #TSLA rejects here at resistance today, I would be interested around Aprils open if it fails here. https://t.co/XV6kgi7eEg"
Tesla,Sun Apr 27 04:28:28 +0000 2025,stocks[name][1],Just FSD’ing peacefully until a driver tries to eliminate me lol 🤷🏻‍♂️luckily no damage we still good 👍 #tsla https://t.co/Vu7kvdEfXQ
Tesla,Wed Apr 30 14:12:01 +0000 2025,stocks[name][1],"$TSLA 15m 📉 | Gap-Down JLINES Setup
How to trade this, full guidance at https://t.co/SeeweEtERY
• Short @ 278 🚀
• Covered 1/3 @ 275 ✅
• Riding high-vol momentum into VWAP zone
Watching for a bounce play or fresh breakdown 👀 #TSLA https://t.co/M3p6Pm2rap"
Tesla,Wed Apr 30 13:42:38 +0000 2025,stocks[name][1],"前月奇跡的にマイナス2億からプラスへ転換して終われたのに5月も地獄継続かよ👹

#テスラ　#TSLA https://t.co/dYDjDBX0nr"
Tesla,Thu Apr 24 00:07:00 +0000 2025,stocks[name][1],"📊Today’s Strategy:

1. $TSLA: Sentiment-driven rebound—watch AH gains, quick trades only (3Q earnings down).

2. Market: Trump uncertainty = no trend reversal—stand aside.

3. Gold: Pullback = 📈 add.

#TSLA #Market #Gold #Trading

🔔Follow for daily tips! https://t.co/LRuUjXjcyu"
Tesla,Tue Apr 29 21:31:52 +0000 2025,stocks[name][1],"$TSLA #TSLA 
It got stuck at the $293 Fibonacci resistance.
Holding above the initial moving averages and equilibrium is a positive sign. https://t.co/SNG3mRUEHN"
Tesla,Tue Apr 29 22:03:14 +0000 2025,stocks[name][1],Tesla's Q1 earnings had the market buzzing! 🚀 The stock took a wild ride this week.  Is this a dip to buy or a sign of bigger troubles? 🤔 #TSLA #EarningsReport #stockmarketcrash https://t.co/LO7CIpZglu
Tesla,Wed Apr 30 04:59:07 +0000 2025,stocks[name][1],Tesla FSD saving our life 🤯 when a model y leans into our lane 🤷🏻‍♂️PTSD lol #tsla https://t.co/4yr5b4jbrl
Tesla,Sun Jan 26 17:15:19 +0000 2025,stocks[name][1],"EXCLUSIVE: First-Ever $TSLA Focused Fund Launched!

The very first Tesla focused Exchange Traded Fund has the ticker symbol TESL and is now trading on the NY Stock Exchange.  

Hear directly from Tad Park who is CEO of Volt Equity and is the portfolio manager for TESL, a fund https://t.co/rJamLp8AVE"
Tesla,Mon Jul 01 17:55:49 +0000 2024,stocks[name][1],"Vijay Kedia says Electric Vehicles (EV) is a sunrise industry. EV penetration is still very low &amp; will grow rapidly. Investors should not miss investing in EV. According to Small Case, the Top EV Stocks are Hindustan Copper, JBM Auto, Himadri, Exide, Amara Hero MotoCorp, TaMo etc https://t.co/iUJNw9Phjs"
Tesla,Fri Dec 06 18:53:06 +0000 2024,stocks[name][1],"Evolution AB 🎲 ( $EVO, $EVVTY) is dominating a $100B+ Industry.

Yet, the stock is flat for almost four years now. Is it an opportunity with the stock being -40% down from all-time highs? Or is it a sign of trouble?

Let's find out. 👇 https://t.co/pkk5jqpscR"
Tesla,Wed Apr 30 03:16:05 +0000 2025,stocks[name][1],"EV players financials Comparison 😲

#StockMarket #investing https://t.co/mjrpblGK06"
Tesla,Mon Apr 28 15:40:01 +0000 2025,stocks[name][1],"$NVVE had some interesting news... 

They recently joined the EVVE (Environmental Valorization of Virtual Energy Storage) project.

This will help scale their EV business as rising energy costs drive demand for smarter energy solutions. 

Communicated Disclaimer https://t.co/UWke82hO94"
Tesla,Wed Apr 30 10:09:45 +0000 2025,stocks[name][1],100% Dividend: EV stock jumps 11% following Q4 results with turnaround from loss to profit https://t.co/g07NcitJ5f https://t.co/EqGhJwSIln
Tesla,Wed Apr 30 17:39:02 +0000 2025,stocks[name][1],"2022 Deliveries 122,486
2023 Deliveries 160,038
2024 Deliveries 221,970
2025 Target 440,000
2026 ???           
800K
The new🏭F3 coming up in Q3
One Wall Street analyst thinks Nio will see record quarterly sequential growth.. New EV offerings could help #Nio stock surge P/u sum👇 https://t.co/nekSMEZD0a"
Tesla,Fri Apr 25 14:49:37 +0000 2025,stocks[name][1],"#IPOupdate #IPOreview #IPO Ather Energy, India’s electric two-wheeler company, is hitting the stock market with its IPO! The company is here with a massive ₹2,980.76 crore IPO! 🚀

Started by two IIT Madras grads in 2013, Ather is now set to become the 2nd listed pure-play EV https://t.co/2G4bCez8NH"
Tesla,Mon Apr 21 23:45:00 +0000 2025,stocks[name][1],"$BLNK Blink Charging 🚀🚀🚀
#EV #EVcharging #ElectricVehicles #Auto #cars #markets #Automotive #automobile"
Tesla,Mon Apr 28 13:37:00 +0000 2025,stocks[name][1],"Green energy stocks like $TSLA Tesla and $VWDRY Vestas  are here to stay. 

#StocksInFocus  #StockMarket https://t.co/w2h13FILZi"
Tesla,Sun Apr 27 19:37:30 +0000 2025,stocks[name][1],"$NIO Stocks
#EV #electricvehicles #Innovation #BatterySwapping 
#NioBlueSkyComing ""Shenji NX9031” chips https://t.co/YpN7n7BJM8"
Tesla,Wed Apr 30 19:59:48 +0000 2025,stocks[name][1],"$RIVN

Looking good. Smart move by stock piling batteries

Interesting autonomous lidar images leaked on an Amazon EV

New big AI hire

Saw 4 Rivians at 1 stop light in Encinitas yesterday

R2 less than a year away from deliveries

Micro EV spinoff

Very exciting! 

$17.50 next😈 https://t.co/PanPBjVpQX"
Tesla,Sat Apr 26 00:17:10 +0000 2025,stocks[name][1],"Chart showing the projected growth in electric vehicle (#EV) adoption alongside the expected decline in #battery costs. As battery technology improves and costs fall, #EVs become more accessible, accelerating #Global adoption. 
#ElectricVehicles #EVcharging #markets #esg #Fleet https://t.co/Ux1selvYrI"
Tesla,Mon Apr 28 19:02:21 +0000 2025,stocks[name][1],"Fun fact: I bought $4k of $MULN (EV maker) in 2023 right about here. This investment is worth now less than a penny, and to break even today, $MULN would have to return 6,000,000,000% from here and hit a 20T market cap.

This stock is in perpetual decline and it’s kinda crazy 🍿 https://t.co/wtJuk6ZRIU"
Tesla,Wed Apr 30 00:33:23 +0000 2025,stocks[name][1],"Elon @elonmusk, did you see how Trump really feels about your cars? Trump is acknowledging that $TSLA has a problem with demand. BTW, I found a large lot in S. FL today filled with unsold Model Y (Legacy). Your CFO lied on the earnings conference call.  So sad.  $TSLA @Tesla https://t.co/AzqCOk5VRq"
Tesla,Tue Apr 22 20:34:14 +0000 2025,stocks[name][1],"A devastating Tesla earnings report today…

Net income fell 71%.
Total revenue slid 9% from $21.3 billion a year earlier.
Tesla stock down 41% so far in 2025, suffered their worst quarterly drop since 2022. https://t.co/D0fj4nJkgn"
Tesla,Mon Apr 28 18:03:40 +0000 2025,stocks[name][1],Most anticipated earnings releases for the week. https://t.co/lDCqnEYPI7
Tesla,Wed Apr 30 01:43:39 +0000 2025,stocks[name][1],Remember that time when Trump did a free advertisement for Tesla in front of the White House and then Tesla had a 71% drop in earnings for that quarter? https://t.co/HNEDMc7NuE
Tesla,Wed Apr 23 17:01:58 +0000 2025,stocks[name][1],"Tesla earnings today shows a 100-150 BILLION loss for the company. 

It cost 44B to purchase Twitter, 250M+ to purchase the 2024 election while, simultaneously destroying your brand.

All to be the P2025 'Fall Guy' appeasing a felon.
Hope it was all worth it, Elmo! 
#DemVoice1 https://t.co/2b4boGAVaB"
Tesla,Wed Apr 30 11:28:07 +0000 2025,stocks[name][1],"Big earnings day.
What’s your prediction for $MSFT and $META? https://t.co/32ylTON9ki"
Tesla,Tue Apr 22 11:42:56 +0000 2025,stocks[name][1],"Which lies will @Elonmusk tell today on $TSLA earnings call?

Will he recycle old ones? Will he push robotaxis once again?

Or pitch the genius opportunity to buy xAI/Twitter for only $120Bn to become a ""leader"" in a space that @Tesla is supposedly already leading? https://t.co/L6YUOCMk4l"
Tesla,Fri Apr 25 20:39:34 +0000 2025,stocks[name][1],"Bad earnings = 🚀

@Tesla https://t.co/qilq245TAS"
Tesla,Sun Apr 27 18:33:54 +0000 2025,stocks[name][1],"$TSLA: 

• Revenue: $19.3B (-9% YoY)
• Net Income: $409M (-71% YoY)
• Vehicle sales slumped, but energy storage growth was strong. https://t.co/amvyJ6bqh6"
Tesla,Tue Apr 22 21:06:47 +0000 2025,stocks[name][1],"Tesla earnings report is out today. The ""genius"" is blowing it on all fronts. https://t.co/sxlgNkN2cL"
Tesla,Wed Apr 23 15:43:59 +0000 2025,stocks[name][1],"Is Tesla (NASDAQ: $TSLA) Losing Its Spark? ⚡️ 

🔴 Negative Earnings Results Released Afterhours Yesterday, However Stock Surges As Much As +8.6% So Far Today 📈

#Tesla #NASDAQ #TSLA #ElonMusk #Stocks #Earnings #Miss #Investors https://t.co/8wKvyNhjjR"
Tesla,Tue Apr 22 20:10:01 +0000 2025,stocks[name][1],"$TSLA Earnings
 
REVENUE: $19.3B vs. $21.4B est. ❌ 
EPS: $0.27 vs. $0.42 est. ❌ 
 
Green 🤣 https://t.co/uZ0QmPUVP8"
Tesla,Fri Apr 25 15:53:27 +0000 2025,stocks[name][1],UPDATE: Tesla $TSLA is now up 20% since its worst earnings report in history https://t.co/b8WtjuRvp0
Boeing Company,Sat Apr 26 13:00:00 +0000 2025,stocks[name][1],"On this #WorldPilotsDay, we recognize and thank pilots worldwide for their role in safely connecting people and places around the globe.

The #TeamBoeing pilots who fly and test our products help us deliver safe, high-quality and innovative platforms. Take a look at some of their https://t.co/tonf4CewJO"
Boeing Company,Fri Apr 18 20:00:26 +0000 2025,stocks[name][1],Boeing CEO earns $32.8M; while the company spirals downward. https://t.co/aMqe4QtWBz
Boeing Company,Mon Apr 28 08:30:00 +0000 2025,stocks[name][1],"Airline:The Boeing Company
Aircraft:B787-8
Remarks:
Locations:NGO
Date:22/06/2015

#NGO #セントレア #中部国際空港
#TheBoeingCompany
#Boeing #B787 #B7878
#飛行機好きな人と繋がりたい #飛行機好きな人 #飛行機写真 https://t.co/urMcZN62LQ"
Boeing Company,Fri Apr 18 18:02:02 +0000 2025,stocks[name][1],"HAHAHAHA
At this rate, Boeing will become a CCP-affiliated company as well https://t.co/bilCd8x5Mi"
Boeing Company,Fri Apr 18 17:34:44 +0000 2025,stocks[name][1],"I always feel bittersweet when boarding a 777. This was the last great airplane development program at Boeing— a high point for the company. 

The 787 went further technologically, but represented a step backwards in execution. https://t.co/ec2hqZtV5z"
Boeing Company,Tue Apr 22 04:09:10 +0000 2025,stocks[name][1],"Within three days, two Boeing passenger planes have been returned by China. There are still 130 Boeing aircraft waiting to be delivered in China. If China stops receiving all Boeing aircraft this year, Boeing Company will suffer a loss of $1.2 billion. https://t.co/pF6RQ37yL6"
Boeing Company,Fri Mar 08 17:08:08 +0000 2024,stocks[name][1],"Billy, this is Boeing. They're an iconic American company that generates $75B+ of revenue and has more than 170,000 employees. Their only defect is that the airplanes keep falling apart. https://t.co/2EOYnqvXWh"
Boeing Company,Wed Apr 23 18:19:14 +0000 2025,stocks[name][1],"Boeing has opened its African Headquarters in Addis Ababa, Ethiopia 🇪🇹

Boeing is the world's largest aerospace company. https://t.co/j3VqPjGfpe"
Boeing Company,Fri Apr 25 07:00:21 +0000 2025,stocks[name][1],China's big blow to America's tariff war! China is about to bring one of America's signature company Boeing to its knees and risks bankruptcy. China is the biggest market for Boeing outside the US. https://t.co/2E8hcT5f5D
Boeing Company,Fri Jun 09 15:28:05 +0000 2017,stocks[name][1],"Airbus is guilty of $22 billion in illegal subsidies, harming U.S. jobs. Learn more: https://t.co/m7T0rCScOA https://t.co/cepNe3qPJx"
Boeing Company,Tue Apr 29 17:15:00 +0000 2025,stocks[name][1],"Mentra is expanding our mentraship program with companies like Amazon and Boeing to help neurodivergent talent not just get jobs, but build lasting careers.

🎥 Watch the announcement to learn why this matters — and how we’re getting to work. https://t.co/ukOuDOkJFO"
Boeing Company,Tue Apr 29 23:34:55 +0000 2025,stocks[name][1],"CHINA SAYS WILLING TO COOPERATE WITH US AFTER BOEING SPAT (Bloomberg)

China is willing to support normal cooperation with US companies, the country’s Ministry of Commerce said, just days after Chinese airlines rejected taking delivery of any new jets from US plane maker Boeing https://t.co/A3WV4P8bLt"
Boeing Company,Thu Apr 24 14:48:49 +0000 2025,stocks[name][1],"🚨BREAKING: Trump SLAMS Boeing for cozying up to China while fentanyl floods America! 🇺🇸 Is Boeing still an American company, or have they ditched us for the globalist left? 🤔 #AmericaFirst #BoeingBetrayal https://t.co/yGvHl3plhh"
Boeing Company,Wed Jan 30 15:42:14 +0000 2019,stocks[name][1],"Strong industry fundamentals underpin healthy global demand for commercial, defense and space products and services. https://t.co/C9xByKNtfG"
Boeing Company,Tue Apr 29 19:21:17 +0000 2025,stocks[name][1],$BA flow.. super bullish https://t.co/fQmR2iJ1sJ
Boeing Company,Tue Apr 29 19:39:39 +0000 2025,stocks[name][1],"$BA 6 Month

Use your imagination https://t.co/uNPpJQiMjO"
Boeing Company,Sun Apr 27 01:15:11 +0000 2025,stocks[name][1],$BA Higher timeframes matter https://t.co/bDgUYUrSbt
Boeing Company,Mon Apr 28 14:53:46 +0000 2025,stocks[name][1],eyes on $ba boeing.. possible breakout https://t.co/s3hLJyKOr8
Boeing Company,Thu Apr 24 00:53:20 +0000 2025,stocks[name][1],$BA 30 Minutes - Potential bullish 18 point flag forming with price target at 190 if fully realized https://t.co/0YE9LlyGZU
Boeing Company,Wed Apr 23 23:36:49 +0000 2025,stocks[name][1],"The most entrenched defense + national security company in the U.S?

Air. Sea. Space. Defense systems. Satellites. Autonomy. Mass manufacturing. ISR.. Only one company touches it all 

think alot people would be surprised who it is..spend $500B and still fail to replicate it
$BA https://t.co/D2tMX1oOBM"
Boeing Company,Wed Apr 30 13:27:28 +0000 2025,stocks[name][1],"With US Q1 GDP-0.3%
How many Billions will be wiped out Today in the stock market?
Visit my site https://t.co/dZ6yI0lyxi
#NFTs #Crypto #NFXWIN
$AAPL $MSFT $JPM $BA $AXP $META $GOOG $BTC #Bitcoin $AMZN $WMT $LLY $HOOD $MA $QBTS $NVDA $TSMC  $T $M $CVX $XOM $TSLA $AMD $BAC $AXP https://t.co/fNTSmRmcax"
Boeing Company,Wed Apr 30 20:13:00 +0000 2025,stocks[name][1],"🇨🇳 China says U.S. tariffs are hurting its airlines — and Boeing

China just broke its silence on the Trump-era tariffs, blaming them for disrupting its airlines and deliveries from Boeing $BA.

The Chinese commerce ministry called out the impact on global supply chains after https://t.co/xBNMTg5Apm"
Boeing Company,Sun Apr 27 00:41:57 +0000 2025,stocks[name][1],$BA wen f/a-xx contract? win it and we at 200 https://t.co/LwxUNOLAVP
Boeing Company,Wed Apr 30 12:45:13 +0000 2025,stocks[name][1],"The US Q1 GDP contracted -0.3%,
Is US heading into a recession?
Visit my site https://t.co/dZ6yI0lyxi
#NFTs #Crypto #NFXWIN
$AAPL $MSFT $JPM $BA $AXP $META $GOOG $BTC #Bitcoin $AMZN $WMT $LLY $HOOD $MA $QBTS $NVDA $TSMC  $T $M $CVX $XOM $TSLA $AMD $BAC $AXP"
Boeing Company,Tue Apr 22 13:21:56 +0000 2025,stocks[name][1],$BA - Ooo Suspicious https://t.co/PGJXblsBrI
Boeing Company,Wed Apr 30 13:07:22 +0000 2025,stocks[name][1],"The US Q1 GDP contracted -0.3%,
Now Will the Federal Reserve 
CUT RATE next Week ?
Visit my site https://t.co/dZ6yI0m6mQ
#NFTs #Crypto #NFXWIN
$AAPL $MSFT $JPM $BA $AXP $META $GOOG $BTC #Bitcoin $AMZN $WMT $LLY $HOOD $MA $QBTS $NVDA $TSMC  $T $M $CVX $XOM $TSLA $AMD $BAC $AXP https://t.co/knKcrgiPKk"
Boeing Company,Fri Feb 16 18:05:36 +0000 2024,stocks[name][1],"State of the plane-maker duopoly 

Boeing shares:
YTD                     -19%
1 year                  -4%
5 years               -52%

Airbus shares: 
YTD                    +2%
1 year                 +18%
5 years              +22% https://t.co/PKQy52TYLh"
Boeing Company,Wed Jan 25 12:37:53 +0000 2023,stocks[name][1],"I’m going to need a bigger screen. $BA 

Boeing prelim Q4 ($1.75) vs $0.20 S&amp;P Capital IQ Estimate; 

Revenue $19.98 bln vs $20.10 bln S&amp;P Capital IQ Estimate https://t.co/6Ya8vfpsVY"
Boeing Company,Wed Apr 29 20:50:44 +0000 2020,stocks[name][1],"Ouch! Boeing rating cut to BBB- (one notch above Jun) from BBB by S&amp;P, outlook stable. https://t.co/9vcFEC8PC6"
Boeing Company,Mon Apr 28 15:53:32 +0000 2025,stocks[name][1],"$BA Boeing broke downtrend and has bullish net flow today 🛫
Bernstein sees  Boeing  making progress toward achieving the growth that was expected before the Alaska Air door incident in  January 2024 https://t.co/R6gW5LqCic"
Boeing Company,Tue Apr 01 13:37:12 +0000 2025,stocks[name][1],"JUST IN: Robert Bresnahan just filed his new trades.
He bought:

$32.50K in BOEING COMPANY, $BA
$32.50K in DEERE &amp; COMPANY COMMON STOCK, $DE
$32.50K in OCCIDENTAL PETROLEUM CORPORATION COMMON STOCK, $OXY
Full trade list here: https://t.co/4XnLFYCVLb"
Boeing Company,Tue Jan 21 20:25:21 +0000 2020,stocks[name][1],"Boeing. Everyone wants to buy the dip, but it’s still trading near its highest EV to sales ever. It could be the Enron scandal of our day. Or it could just be good ole Boeing that gets crushed in every business cycle downturn. Either way, $BA does not look like a buy. https://t.co/tgwJo9AmSQ"
Boeing Company,Tue Apr 15 12:50:47 +0000 2025,stocks[name][1],"Boeing is trading down -3.5% this morning while Airbus is trading up +0.5% this morning on the news that China will not be buying from Boeing anymore. 

The tariffs are turning out to be a historic punishment on the American people and a historic opportunity for non-American"
Boeing Company,Mon Dec 30 13:46:07 +0000 2024,stocks[name][1],"*BOEING SHARES TUMBLE 4% AFTER SOUTH KOREA'S WORST-EVER AVIATION DISASTER

$BA https://t.co/udDvO5fuSb"
Boeing Company,Fri Mar 28 14:48:56 +0000 2025,stocks[name][1],"JUST IN: Representative Robert Bresnahan just disclosed dozens of new stock trades.

Some of them are pretty interesting:

He is apparently day-trading Palantir, $PLTR.

He also bought more stock in the Chinese company Alibaba, $BABA.

He also bought stock in Boeing, less than a https://t.co/MSIFkHvOzv"
Boeing Company,Sat Oct 19 16:05:13 +0000 2024,stocks[name][1],"The collapse of the giant company Boeing triggers a worldwide Great Depression.
After the US presidential election, in the new year
The stock market crash begins in earnest.

We must eliminate all wishful thinking and act. https://t.co/gsJ89pUKWa"
Boeing Company,Sun Feb 12 14:35:15 +0000 2023,stocks[name][1],"Something is going on with Boeing $BA 
Sales acceleration into double digits and volume pattern screaming accumulation. Holding tight at highs.
One to keep your eyes on. https://t.co/Zpp5l8wdqT"
Boeing Company,Tue Jul 25 03:59:47 +0000 2023,stocks[name][1],"Boeing looks ready for an insane move up.

Monthly cup &amp; handle ( 8 months in handle ) on declining volume.

Wouldn’t be surprised to see this test the $260-$265 supply rather quickly.

Enjoy the phone chart cause traveling.

$BA https://t.co/llYT6Xc9hP"
Boeing Company,Thu Mar 12 23:42:19 +0000 2020,stocks[name][1],Boeing is down 65% from its peak. In 2007-09 recession (the worst since the Great Depression) it was down 72% at its max drawdown. $FDX https://t.co/JJCDL1o7WA
Boeing Company,Sun Jun 30 21:06:46 +0000 2024,stocks[name][1],"BREAKING: THE US JUSTICE DEPARTMENT IS CHARGING BOEING $BA WITH FRAUD.

Boeing stock is down 29% YTD and has been involved in multiple high profile accidents over the past few years.

A Boeing whistleblower, John Barnett, died in late May. https://t.co/f8PizDX4cs"
Boeing Company,Mon Apr 28 21:52:32 +0000 2025,stocks[name][1],"Boeing ($BA) gets a boost: S&amp;P no longer sees an immediate junk downgrade risk as recovery gains traction.

Net GEX surged +30%, positive gamma dominates, and options flow leans bullish (P/C 0.79).

Key watch: $185 call resistance — a breakout would confirm momentum. https://t.co/EiA4fWHBHm"
Boeing Company,Tue Apr 29 16:32:04 +0000 2025,stocks[name][1],"The US #tariff policies have undermined the foundation of long-term mutually beneficial cooperation in the China-US civil aviation sector, bringing force majeure to previously agreed commercial terms. Global airlines and #Boeing have become victims of these tariff measures: https://t.co/RKsIPGGCKm"
Boeing Company,Sat Apr 05 19:33:25 +0000 2025,stocks[name][1],Boeing is not going to re-shore its entire supply chain anytime soon. So for the next few years it’s operating at a further disadvantage to Airbus whose key components come from the EU. This is how tariffs disadvantage US manufacturers in export oriented sectors. https://t.co/f5JkhPWn7a
Boeing Company,Mon Feb 05 14:12:47 +0000 2024,stocks[name][1],"Boeing—worth $128 billion—paid a net $0 in federal income tax the first 5 years of the Trump tax scam.

They even got a net $2.6 billion refund.

Meanwhile, they spent BILLIONS on CEO pay and stock buybacks.

Yes, this is the same Boeing who had a plane panel blow off mid-flight. https://t.co/krw71aQvH9"
Boeing Company,Fri Apr 25 15:39:43 +0000 2025,stocks[name][1],"Trump is playing his usual game of deceit. His reckless #Tariffs drove the price of each plane to a staggering $124 million—no sane country would accept that. And now, orders for 130 more jets are on ice. #AmericaFirst, huh?

#tariffsaretaxes #TrumpTariffs #Boeing #trumpsamerica https://t.co/PioRvjhTdA"
Boeing Company,Tue Apr 15 16:57:02 +0000 2025,stocks[name][1],"China has barred its country’s airlines from accepting deliveries from Boeing in retaliation against Donald Trump’s tariffs.

The ban will apply to all existing orders from the US manufacturing giant, while Beijing has also told the country’s carriers not to buy any https://t.co/K7rkQLKz5W"
Boeing Company,Wed Apr 30 18:57:09 +0000 2025,stocks[name][1],"Airbus says it won’t cover Trump’s new import tariffs on jets delivered to U.S. carriers, putting the cost burden on airlines like Delta and American. CEO Faury called for a return to the 1979 zero-tariff deal, saying even the U.S. aerospace industry wants that back. https://t.co/FiCtuet4ok"
Boeing Company,Wed Apr 16 00:05:49 +0000 2025,stocks[name][1],"REPORT: China just grounded Boeing jets as payback for Trump’s 145% tariffs on Chinese goods.

Chinese officials have ordered airlines to stop all future Boeing deliveries and banned the purchase of U.S. aircraft parts.

On top of that, China has cut off six critical rare earth https://t.co/5j0InY2BTr"
Boeing Company,Tue Apr 15 12:50:47 +0000 2025,stocks[name][1],"Boeing is trading down -3.5% this morning while Airbus is trading up +0.5% this morning on the news that China will not be buying from Boeing anymore. 

The tariffs are turning out to be a historic punishment on the American people and a historic opportunity for non-American"
Boeing Company,Thu Mar 13 18:00:05 +0000 2025,stocks[name][1],"Boeing’s aircraft prices could skyrocket by up to $40 million per jet due to tariffs, warns AerCap CEO Aengus Kelly.

This could shake up the aviation industry, potentially giving @Airbus the edge with a staggering 75-80% market share!

With airlines facing higher costs, could https://t.co/seK8arbJFH"
Boeing Company,Tue Apr 15 20:25:21 +0000 2025,stocks[name][1],"Boeing’s prices to Americans will jump sky high because parts to make their planes will be much more expensive. 

This means we will make less planes and enable Airbus to take up the demand that Boeing can’t supply anymore to the world. 

Less planes means less high tech jobs in"
Boeing Company,Thu Aug 24 17:39:44 +0000 2017,stocks[name][1],"Paul Ryan just complained that Boeing faces a 35% tax rate. In reality, they paid 23% in 2016 &amp; an average of only 3% for the past 15 years. https://t.co/kEWNBPHLBb"
Boeing Company,Mon Jul 08 13:47:07 +0000 2024,stocks[name][1],"Boeing, $BA, has been fined $243M after pleading guilty to a criminal fraud charge stemming from deadly crashes.

Boeing made $76B in revenue last year.

We collect data on corporate lobbying.

Boeing is one of the top spenders: https://t.co/ie3kIT1gOt"
Boeing Company,Wed Apr 16 01:00:00 +0000 2025,stocks[name][1],"China HALTS all Boeing deliveries and U.S. aircraft part purchases in retaliation for Trump’s 145% tariffs.

TRUMP’S TARIFFS = DESTROYING AMERICAN MANUFACTURING. Namely, the export of American aircrafts. https://t.co/54rLKnTEGv"
Boeing Company,Mon Apr 28 05:59:09 +0000 2025,stocks[name][1],"Boeing $BA Adjusts Strategy Amid Trump Tariff Fallout, CEO Kelly Ortberg Says Won't 'Build Aircraft For Customers Who Will Not Take Them' As China Halts Deliveries via Benzinga 

https://t.co/zoGVEkOl07 https://t.co/Kob5QqKFQY"
Boeing Company,Sat Apr 29 01:22:53 +0000 2017,stocks[name][1],Boeing has asked US trade officials to slap tariffs on a Canadian rival it says gets unfair government support https://t.co/WLWQKGyKUp https://t.co/FEdQl8wx3f
Boeing Company,Sun Apr 27 11:14:22 +0000 2025,stocks[name][1],"今日の午後は、お茶さんの #BA@Gaiaに参戦。
FCの戦闘苦手さんのためのBAということでしたが、周りを見たら猛者ばかり。💦
赤ノード確定で、3PTの編成でしたが、余裕の攻略でした。
初見さんも無事にクリアされてましたが、これを普通だとは思わない方がいいかもですね。w
＃FF14 https://t.co/8PIWdMKqX7"
Boeing Company,Mon Apr 28 14:42:25 +0000 2025,stocks[name][1],"#BA up 2% today.  Bernstein analyst upgraded #BA to outperform with a price target of $218.  YTD up 2.8%.  

(Not a recommendation) https://t.co/Zr58Xc8oir"
Boeing Company,Wed Apr 30 08:13:00 +0000 2025,stocks[name][1],"徵團文：
計劃係ACGHK BA嘅FOX小隊
有意可以DM / PM
Day幾未定可以之後倾🙌
FOX-1
FOX-2
FOX-3 @dm_deer_4569_cos
FOX-4 @kawakazeaki_Cos
#徵團 
#cos #cosplay #BA #蔚藍檔案 #bluearhcive
#ACGHK #ACGHK2025 https://t.co/aPSltDRaIg"
Boeing Company,Wed Apr 30 08:16:54 +0000 2025,stocks[name][1],"ABSOLUTELY MAJESTIC: Beast break through the fog—British Airways A380 landing at LAX, filmed from a wide-angle lens. 
#KingoftheSky #AvGeek #LAX #A380 #BA https://t.co/Q75moxifst"
Boeing Company,Wed Apr 30 16:26:26 +0000 2025,stocks[name][1],Need disney hotstar donk #ba #zonauang
Boeing Company,Wed Apr 30 15:06:30 +0000 2025,stocks[name][1],"手厚い介護のおかげで練習会にも関わらずクリアできた！
長年の夢だったオズマ、、本当にうれしい
ありがとうございます😭

#FF14
#BA https://t.co/Vj48BE964E"
Boeing Company,Tue Apr 22 22:27:01 +0000 2025,stocks[name][1],#الأسهم_الأمريكية بوينج فسلر تسلا #ba #tsla #fslr و الداوجونز #dji الفين نقطه بزيرو انعكاس على كنق المؤشرات https://t.co/js6C2nmCBe
Boeing Company,Wed Apr 30 19:15:18 +0000 2025,stocks[name][1],"@Share_Talk Shares Daily, Wednesday 30th April 2025
• Top Risers #ELEG #IMM #DATA #TNE #OQTX 
• Top Fallers #GENI #PFC #CEL #PIER #GUN 
• Top Volume #CHP #PREM #LLOY #ELEG #VRS 
• Most Traded #GLEN #BA #HSBA #BARC #BP https://t.co/Knqq2T8ZGp"
Boeing Company,Wed Apr 23 15:02:15 +0000 2025,stocks[name][1],need joki ppt canva dl besok pagi cm perlu lanjutin bbrp part aj teks ud ak siapin #ba #joki
Boeing Company,Thu Apr 24 05:42:31 +0000 2025,stocks[name][1],"🚨 We’re #Hiring for #Odoo roles! | Remote
Exp: 1+ yrs
✅ Odoo Developer
✅ Functional Consultant (Odoo)
✅ Business Analyst (Odoo)
📩 Apply: Mohit.Kumar@Ksolves.com
#RemoteJobs #TechJobs #OdooDeveloper #OdooConsultant #BA #HiringNow #Ksolves"
Boeing Company,Wed Apr 30 00:07:49 +0000 2025,stocks[name][1],"奈良県天理市は晴れ☀️

所属 #BA の子達の #フェイシャルミストスクール も後2週間✨
みんな仕事もしつつ頑張ってくれてるのは感謝しかない。
私もサポート頑張ります💪

#企業公式が毎朝地元の天気を言い合う 
#企業公式つぶやき部 https://t.co/NiBXW66phu"
Boeing Company,Tue Apr 29 18:25:40 +0000 2025,stocks[name][1],"@Share_Talk Shares Daily, Tuesday 29th April 2025
• Top Risers #XTR #OMR5 #KP2 #CRTX #TYM 
• Top Fallers #PFC #UOG #GROC #PYC #VAST 
• Top Volume #CHP #PREM #VRS #ENET #WSBN 
• Most Traded #BA #BP #AZN #HSBA #BARC https://t.co/fnPhuhdmLQ"
Boeing Company,Mon Apr 28 04:36:09 +0000 2025,stocks[name][1],"Masih sy gunakan hingga detik ini #BA

@chillwithd6 👍🏻👍🏻👍🏻👍🏻👍🏻 https://t.co/dvnfFpGI7t"
Boeing Company,Wed Apr 30 16:00:46 +0000 2025,stocks[name][1],"✈️ From first flight to 1 billion passengers, today, the 787 Dreamliner makes history.

Thank you to every customer, teammate, supplier, crew member and passenger who made this possible.

✨ You’re truly one in a billion. ✨

Share your story with #Dreamliner. https://t.co/TqHbYQRqUs"
Boeing Company,Wed Apr 30 16:50:20 +0000 2025,stocks[name][1],"🚨NOTHING 2 C here! 👀👨‍🦯‍
Oh, look at that! Just some innocent plane exhaust, right?  

Passengers on a Boeing 787 Dreamliner snagged a jaw-dropping video of a massive ch*mtrail stretching across the sky. https://t.co/sruvJpUZW3"
Boeing Company,Thu Apr 24 04:03:30 +0000 2025,stocks[name][1],"Size comparison between an Airbus A380 and a Boeing 737

https://t.co/NkfWGZ5pYV"
Boeing Company,Wed Apr 30 14:19:53 +0000 2025,stocks[name][1],"We are proud to announce that yesterday we received the first two @Boeing 787-9s with our new Flagship® Suite seats and interior design. Our new suites feature privacy doors, with more personal storage space and one-of-a-kind chaise lounge seating options. This new premium https://t.co/l1ytge9Q8Q"
Boeing Company,Fri Apr 25 03:08:35 +0000 2025,stocks[name][1],"China has returned two Boeing jets, each valued at $55 million. With $69 million in tariffs applied, the cost per plane increased to $124 million. Orders for an additional 130 jets have been indefinitely suspended. https://t.co/t4zPsRoVGK"
Boeing Company,Sun Apr 27 07:31:00 +0000 2025,stocks[name][1],"Boeing 737 NG or Boeing 737 Max ✈️ Which ones your favourite ?
📸 by @speedbirdhd 
Not an ad https://t.co/1e6KMRoR1U"
Boeing Company,Tue Apr 29 20:59:53 +0000 2025,stocks[name][1],Airbus A380 or Boeing 747? https://t.co/Su7bs3DQgT
Boeing Company,Wed Apr 30 19:47:21 +0000 2025,stocks[name][1],"Aviation is my favourite thing in the world ✈️🌎

Managed to get cockpit pictures from all my departing and arrival flights but all won’t be posted to respect pilot privacy 

A Boeing 777-300 departure from Charles de gaulle IA https://t.co/ONfnFhyfdQ"
Boeing Company,Tue Apr 29 22:41:31 +0000 2025,stocks[name][1],"Watch this 777-9 perform a precise landing in howling winds. 

Pilot Heather Ross explains how our flight test team prepared for and demonstrated the airplane's capabilities in extreme conditions. https://t.co/cfPIVlPdY4"
Boeing Company,Mon Apr 28 15:43:34 +0000 2025,stocks[name][1],"JUST IN - Boeing 777s could cool the planet... if you don't mind acid rain from ""stratospheric aerosol injection."" https://t.co/pUZWYvf0IN"
Boeing Company,Tue Apr 29 03:00:38 +0000 2025,stocks[name][1],Plane's passengers took a spectacular video showing a Boeing 787 Dreamliner leaving behind a huge chemtrail 🚨 https://t.co/cGDtrmUxIL
Boeing Company,Wed Apr 30 21:41:38 +0000 2025,stocks[name][1],"📍Suffield, Connecticut 
📅 April 28, 2025
✈️ United Airlines - Flight 17
🛩️ Boeing 767-322(ER) - N662UA
💨 Pratt &amp; Whitney PW4060
🛫 London Heathrow Airport (EGLL) 🇬🇧
🛬 Newark New York Liberty Int’l Airport (KEWR) 🇺🇸
🛑 Diversion https://t.co/K4WM02vkpm"
Boeing Company,Fri Apr 25 22:01:18 +0000 2025,stocks[name][1],"Boeing, the builder of Air Force One and a major manufacturer in the United States is moving out of our country because of the uncertainty and the chaos in the American economy created by a notoriously failed businessman with more bankruptcies than most. Trump is killing us."
Boeing Company,Wed Apr 30 20:19:14 +0000 2025,stocks[name][1],"Still waiting on a response, DOD Chief Pete Hegseth?

So if the DOD doesn't do ""Climate Change Crap"" why are Department of Defense aircraft involved in geoengineering?

Like this, US Airforce Boeing KC 46A  Pegasus Pack - 51, dispensing chemicals over Cape Cod, Massachusetts, USA https://t.co/a0l25uji1H"
Boeing Company,Tue Apr 29 03:01:23 +0000 2025,stocks[name][1],"Dow Jones Industrial Average, Monday 28th April 2025
#dowjones #caterpillar #boeing #trumptariffs #earnings #jobs https://t.co/FZelDoQ0dt"
Boeing Company,Wed Apr 23 11:41:41 +0000 2025,stocks[name][1],"Today, we report our first-quarter results.

Read the 1Q earnings release and listen to the call at 10:30 a.m. ET here: https://t.co/oKT3dfXqKx https://t.co/SHQnBIxbJ0"
Boeing Company,Wed Apr 23 11:36:44 +0000 2025,stocks[name][1],"BA beats on earnings and revenue!
Let’s go Boeing https://t.co/eF9kBTCJyg"
Boeing Company,Mon Apr 28 15:53:32 +0000 2025,stocks[name][1],"$BA Boeing broke downtrend and has bullish net flow today 🛫
Bernstein sees  Boeing  making progress toward achieving the growth that was expected before the Alaska Air door incident in  January 2024 https://t.co/R6gW5LqCic"
Boeing Company,Wed Jun 19 14:36:30 +0000 2024,stocks[name][1],"Boeing’s CEO is making $32.8M this year.

Senator Josh Hawley just asked him what he gets paid to do.

We track data on corporate election contributions. Boeing is the 2nd largest spender.

We track corporate lobbying. Boeing is the 13th largest spender.

 https://t.co/Cr5MqsNUK7"
Boeing Company,Wed Jan 25 12:37:53 +0000 2023,stocks[name][1],"I’m going to need a bigger screen. $BA 

Boeing prelim Q4 ($1.75) vs $0.20 S&amp;P Capital IQ Estimate; 

Revenue $19.98 bln vs $20.10 bln S&amp;P Capital IQ Estimate https://t.co/6Ya8vfpsVY"
Boeing Company,Fri Apr 25 16:10:42 +0000 2025,stocks[name][1],"Using AI to break down Boeing’s Q1 earnings on the OpenBB Workspace 📈

For this demo, we’ve partnered with Markets EQ - a Humach company to deliver deeper insights into the earnings call by analyzing the tone of voice of the speakers.

Watch how you can combine diverse datasets https://t.co/HpVZxBcKoZ"
Boeing Company,Wed Apr 23 10:00:00 +0000 2025,stocks[name][1],"#Buenmiercoles Inversores!

#Earnings
#Premarket☀️
$BA Boeing
$T AT&amp;T
$PM Philip Morris
$TMO Thermo Fisher

#Aftermarket🌛
$CMG Chipotle
$IBM IBM
$TXN Texas Instruments

#NYSE #Wallstreet https://t.co/xeag93e2wO"
Boeing Company,Mon Apr 29 14:44:04 +0000 2024,stocks[name][1],"🚨JUST IN: Boeing looks to sell +$8 billion in bonds

After reporting a $3.9 billion cash burn and quarterly loss Boeing is looking to shore up its balance sheet.

Moody's cut their credit to one step above junk.

Stock down -31% YTD.

What brave soul is stepping in here? https://t.co/b3q7Fszgf4"
Boeing Company,Thu Apr 24 16:59:52 +0000 2025,stocks[name][1],"Boeing is on its way back. $BA's Q1 earnings beat expectations despite lower revenue, showing strong gains in operating profit and EPS year-over-year.

Boeing Commercial Airplanes deliveries rose 57%, though the 737 MAX program faces ongoing margin pressure for up to three years. https://t.co/9V31pdtR52"
Boeing Company,Tue Apr 22 19:12:40 +0000 2025,stocks[name][1],".@aztecs99 shares what to watch when Boeing reports earnings before the open tomorrow on The Watch List with @NPetallides. 

Dave Wagner’s top focus: clarity on tariff costs. https://t.co/C66rxsNDmB"
Boeing Company,Tue Jan 30 23:05:26 +0000 2024,stocks[name][1],"BOEING EARNINGS COME OUT TOMORROW MORNING AT 7:30 AM ET

EXPECTED NUMBERS

REVENUE -&gt; $21.06 BILLION ( UP 5.4% YoY )

EPS -&gt;  - $0.76 ( UP 55% YoY )

$BA https://t.co/Fxr0HmoVNo"
Boeing Company,Thu Apr 24 18:15:00 +0000 2025,stocks[name][1],"First quarter revenue for Boeing has landed. Mike Boyd, President of Boyd Group International, dives into what the revenue means for the beleaguered airplane maker and the company's future business in China. #biz #bizshow #Boeing #aviation #aerospace #USChinaTrade #tariffs #COMAC https://t.co/woe80A0dJn"
Boeing Company,Thu Apr 24 11:18:12 +0000 2025,stocks[name][1],"$BA 1Q-2025: Boeing 1Q-25 Earnings Shock: EPS Beats By Unexpected 62%, Revenue Disappoints,  Intact Full-Year Guidance Convictions Scrutinized

Revenue $19.5bn (+18%) vs. $19.8bn expected
EPS $-0.49 (-57%) vs. $-1.30 expected

Highlights in the video below ⬇️ https://t.co/Nu3AnzaoAr"
Boeing Company,Wed Apr 23 14:12:11 +0000 2025,stocks[name][1],"Analyze which segments will impact Boeing's revenue most. ✈📈

Use PGEO &lt;GO&gt; on the Bloomberg Terminal to evaluate a company's revenue by location and business. Visualize Boeing's exposure to various business lines by using the ""chart"" view.

#Aviation #Earnings https://t.co/7KMTBKdKji"
Nvidia,Wed Apr 30 21:35:30 +0000 2025,stocks[name][1],"NVIDIA CEO Jensen Huang: ""We're going to build NVIDIA's technology, the next generation of that, all here in the United States. Without the President's leadership, his policies, his support, and very importantly his strong encouragement -- manufacturing in the United States https://t.co/HD0kGbdxuA"
Nvidia,Wed Apr 30 21:55:10 +0000 2025,stocks[name][1],"BREAKING 🚨 NVIDIA CEO Jensen Huang dropped the 🎤 saying none of this would’ve been possible without Donald J. Trump becoming President 🔥 

Every CEO loves Trump 

 https://t.co/cSobxA4MyW"
Nvidia,Wed Apr 30 21:32:03 +0000 2025,stocks[name][1],"🚨NEW: Jensen Huang, Nvidia CEO, speaks at The White House about their $500B AI investment in the US 
https://t.co/ezb7OUUtRH"
Nvidia,Wed Apr 30 21:25:12 +0000 2025,stocks[name][1],"🇺🇸 CEO of Nvidia Jensen Huang:

🇨🇳“China is not behind!”

“Remember that 50% of world’s best AI researchers are Chinese. This is a long race.” 🤯 https://t.co/madc6aSAoC"
Nvidia,Wed Apr 30 22:12:47 +0000 2025,stocks[name][1],"🚨 NVIDIA CEO JENSEN HUANG ANNOUNCES $500B AI INVESTMENT AT WHITE HOUSE

Nvidia CEO Jensen Huang just took the stage at the White House, unveiling a $500 BILLION AI investment plan focused entirely in the United States. 💻⚡

This move solidifies America’s lead in the global AI https://t.co/HJfi81oGEH"
Nvidia,Wed Apr 30 04:49:16 +0000 2025,stocks[name][1],Nothing but lower highs and lower lows for Nvidia $NVDA https://t.co/Vm8DF27U3i
Nvidia,Wed Apr 30 20:08:44 +0000 2025,stocks[name][1],NVIDIA $NVDA is now up 6.7% from its lows at the open this morning. https://t.co/OHtta16df2
Nvidia,Tue Apr 29 18:05:52 +0000 2025,stocks[name][1],"People getting bailed out on tariffs:
1. Nvidia
2. Farmers
3. Truckers (English test will be a bailout)
4. Tim Apple &amp; Large electronic corps
5. Car Manufactures

People getting f**ked: https://t.co/1PnZUQcg9b"
Nvidia,Sat Apr 26 20:46:03 +0000 2025,stocks[name][1],"Nvidia CEO: Greatness does not come out of intelligence, it comes from character. 

Character is not formed out of smart people: it is formed out of people who have suffered. https://t.co/xQN5o0hmbn"
Nvidia,Wed Apr 30 20:43:49 +0000 2025,stocks[name][1],"Listen to this video:

“How far is China behind the US in AI?”

CEO of Nvidia (Jensen Huang):

“China is not behind!”

He goes on:

“Remember that 50% of world’s best AI researchers are Chinese. This is a long race.”

#Huawei #DeepSeek https://t.co/sd2UlfPynW"
Nvidia,Wed Apr 30 20:33:34 +0000 2025,stocks[name][1],"READING BETWEEN THE LINES 

FACEBOOK $META RAISED CAPEX SPEND FOR THIS YEAR TO $64-$72B UP FROM $60B-$65B

WHAT DOES THAT MEANS? 

MORE NVIDIA CHIPS $NVDA https://t.co/g7FE2fqf7M"
Nvidia,Wed Apr 30 21:33:09 +0000 2025,stocks[name][1],"🚨BREAKING: Nvidia CEO Jensen Huang speaks at The White House about their $500B investment in the US.

 https://t.co/UxYBC5ZT4w"
Nvidia,Wed Apr 30 19:41:06 +0000 2025,stocks[name][1],Nvidia $NVDA vs. Cisco $CSCO - Dot Com Bubble vs. Now https://t.co/ExDDwHZhp8
Nvidia,Wed Apr 30 22:31:56 +0000 2025,stocks[name][1],"BREAKING: Nvidia CEO just announced $500 billion investment to build AGI in the US

we are so back. https://t.co/Qgxl2eSq66"
Nvidia,Wed Apr 30 21:43:28 +0000 2025,stocks[name][1],"$NVDA CEO SPEAKS AT WHITE HOUSE ON $500B U.S. AI INVESTMENT  👀

 https://t.co/hi62F2e5JG"
Nvidia,Wed Apr 30 22:39:08 +0000 2025,stocks[name][1],"Folks- these calls were 12 cents today. 

$nvda is trading 115 dollar as we speak, 2 days to expiry! https://t.co/w3TQXaCOEr"
Nvidia,Wed Apr 30 21:25:08 +0000 2025,stocks[name][1],$NVDA shorts right now https://t.co/dgb4QyVEIg
Nvidia,Sat Apr 26 21:48:05 +0000 2025,stocks[name][1],I have a feeling we see $NVDA hit $200 by June.
Nvidia,Wed Apr 30 20:33:34 +0000 2025,stocks[name][1],"READING BETWEEN THE LINES 

FACEBOOK $META RAISED CAPEX SPEND FOR THIS YEAR TO $64-$72B UP FROM $60B-$65B

WHAT DOES THAT MEANS? 

MORE NVIDIA CHIPS $NVDA https://t.co/g7FE2fqf7M"
Nvidia,Wed Apr 30 22:41:19 +0000 2025,stocks[name][1],"BREAKING: $NVDA CEO SPEAKS AT WHITE HOUSE ON $500B U.S. AI INVESTMENT 👀

 https://t.co/YijzVvYCLr"
Nvidia,Wed Apr 30 21:17:51 +0000 2025,stocks[name][1],"$NVDA broke clean—and the data called it.

This wasn’t luck. It was Gamma doing the heavy lifting.

$105 was our Gamma Support. That’s where the market bottomed.
Then price coiled right under the 61.8% retrace…
All while GEX stacked at $113—signaling exactly where momentum would https://t.co/tKom5cTpoR"
Nvidia,Wed Apr 30 22:24:08 +0000 2025,stocks[name][1],"In case you missed Jensen saying everything in the USA will need $NVDA

Feast your eyes on the most important piece of every missing puzzle 🧩 https://t.co/VeFd8CbuZk"
Nvidia,Wed Apr 30 22:40:30 +0000 2025,stocks[name][1],"Jensen speaks at The White House about the $500B AI investment in the US.

It’s a good sign for $NVDA demand that Trump appears to support accelerating energy development for AI in the U.S.

 https://t.co/osG8mPKx9J"
Nvidia,Wed Apr 30 20:37:28 +0000 2025,stocks[name][1],"$NVDA It’s looking pretty good now. Let’s see how it plays out from here.
We’ll check back in a couple of weeks

$SPX $SPY $QQQ https://t.co/hhSfIPqbn8"
Nvidia,Wed Apr 30 21:46:30 +0000 2025,stocks[name][1],"Meanwhile $NVDA
Here I am saying cash for move back to $50
And there she is breaking out of inverse H&amp;S pattern with target of over $130
Shit like this needs to end. On one hand you try to be disciplined and on other hand market makes you #fomo 
FUCK you TWICE market makers! https://t.co/wxB8dB505I"
Nvidia,Wed Apr 30 22:09:56 +0000 2025,stocks[name][1],"🚨 $NVDA CEO Jensen Huang met with President Trump at the White House after announcing a $500B investment in U.S. AI infrastructure over 4 years. 

Huang said strong leadership and smart policies are key to keeping the US ahead in AI. He also talked about building more advanced https://t.co/42irfoZ4SF"
Nvidia,Wed Apr 30 14:12:36 +0000 2025,stocks[name][1],"$NVDA looks like trash tbh, if we dont get a huge move up again we are going to see lower and generational holders at top. 

Feels like the semiconductor mania has passed, unless there's a new need or technology i believe this is overpriced. https://t.co/QS7LPQ4dov"
Nvidia,Wed Apr 30 19:37:38 +0000 2025,stocks[name][1],"this average price target would represent an increase of 6.83% to the current price of $Nvidia stock, taking into account BofA’s price target of $1,500, which is also the highest offered target and a gain of 31.57%, whereas the lowest target at $655 would see it decline 42.55%. https://t.co/4jCEXrddJq"
Nvidia,Sun Apr 20 11:13:56 +0000 2025,stocks[name][1],"$NVDA

Here's exactly when to buy Nvidia stock for Monday.

it's time to become rich. 

Let's go. 💪 https://t.co/VYHKfq5p1B"
Nvidia,Wed Apr 30 21:26:44 +0000 2025,stocks[name][1],NVIDIA $NVDA CEO JENSEN HUANG JUST SAID THE NEXT GENERATION OF SUPERCOMPUTERS WILL BE MANUFACTURED IN THE UNITED STATES 🇺🇸
Nvidia,Wed Apr 30 20:24:45 +0000 2025,stocks[name][1],Nvidia $NVDA stock is up 2% in after hours https://t.co/VYCy1BiTjk
Nvidia,Sun Apr 27 07:39:25 +0000 2025,stocks[name][1],"#Nvidia on its upwards move

This chart shows our projection for the coming months.
We expect that the $NVDA stock should reach at least a price minimum of $218,28. https://t.co/HFRvBWHl7a"
Nvidia,Wed Apr 30 21:56:42 +0000 2025,stocks[name][1],"💻 NVIDIA Corp ($NVDA) Blue Box Buying Opportunity!   

The stock completed a 7-swing correction (WXY) and found support in the Blue Box area. Buyers are now eyeing the next bullish cycle! 🚀

Check out the full Elliott Wave analysis here: https://t.co/Tf0gH64OuK

#ElliottWave https://t.co/v2bZeTA3V7"
Nvidia,Wed Apr 30 21:27:30 +0000 2025,stocks[name][1],"🚨🚨🚨It has been revealed that $HOLO may reach cooperation with NVIDIA and Microsoft in the near future, which may cause the stock price to soar (historically, $HOLO cooperated with Microvision Hologram and rose 500% in a single day). https://t.co/FWp649If3X"
Nvidia,Wed Apr 30 01:36:06 +0000 2025,stocks[name][1],@davidhogg111 Ask your walking corpse friend @SpeakerPelosi about her sale of @nvidia stock right before it tanked.
Nvidia,Wed Apr 30 19:33:40 +0000 2025,stocks[name][1],"As of market close on Wednesday, April 30, 2025, NVIDIA Corporation $NVDA stock is trading at $107.38, down 1.5% for the day. https://t.co/9Blq1ThMNL"
Nvidia,Wed Apr 30 20:37:54 +0000 2025,stocks[name][1],"NVIDIA $NVDA stock gains as Meta $META boosts AI capex... again

https://t.co/Xoaq75IwlG https://t.co/v4IuPUdh1K"
Nvidia,Wed Apr 30 18:26:00 +0000 2025,stocks[name][1],"Here are the largest holdings in the Vanguard Total Stock Market ETF $VTI

🥇Apple $AAPL – 6.0%
🥈Microsoft $MSFT – 5.5%
🥉NVIDIA $NVDA – 4.9% https://t.co/lTLkIZJcKe"
Nvidia,Mon Apr 28 14:10:52 +0000 2025,stocks[name][1],"Nvidia $NVDA liquidity snapshot: +4.3% to $111 but momentum still bearish. 

Positive gamma could stabilize price action short term, but IV &lt; HV signals options may underprice risk. 

IV rank just 1.65% = ultra-cheap premiums. Fragile setup under the surface. https://t.co/hyBi0AcVZP"
Nvidia,Wed Apr 23 13:14:01 +0000 2025,stocks[name][1],"Something to keep an eye on for Nvidia ✍️

On 3/13 The House Judiciary Committee opened a new investigation into $NVDA over their ""connections to the Biden Admin &amp; their AI moderation""

Coincidentally, Sen. Ashley Moody (R) bought ~$300K of Nvidia one week after the investigation https://t.co/wio6Y5376U"
Nvidia,Mon Apr 28 15:46:17 +0000 2025,stocks[name][1],"BREAKING: Nvidia, $NVDA, is now down over 3% on reports of China’s Huawei creating an AI chip competitor after the U.S. restricted sales of Nvidia’s H20 chip. https://t.co/VGlRVBEHZE"
Nvidia,Tue Apr 15 22:14:16 +0000 2025,stocks[name][1],"There has never been a more incompetent president in history. Trump has been an absolute fucking disaster for US businesses. The Trump regime has banned Nvidia from selling H20 chips to China for the indefinite future, resulting in $5.5 billion charge to Q1 earnings. $NVDA 😡👇 https://t.co/2quOk9XFfe"
Nvidia,Fri Apr 11 08:21:58 +0000 2025,stocks[name][1],"Trump under fire for possible insider trading &amp; market manipulation: his Billionaires friends has gained $304B after his tarrifs and trade war with China. Musk added $36 billion, Zuckerberg $26 billion, Nvidia CEO Huang $15.5 billion. 

Senator Schiff calls for investigation. https://t.co/GYRMejQtWV"
Nvidia,Wed Apr 30 10:40:57 +0000 2025,stocks[name][1],@unusual_whales According to this excellent WSJ 📊 $NVDA generates most of its revenue outside the U.S - even after the launch of ChatGPT &amp; GROK which sparked a surge of direct AI investment by U.S. Big Tech moguls. Nearly a quarter of Nvidia’s sales (!) in 2024 were in non-China countries https://t.co/6alnoERqkw
Nvidia,Wed Aug 30 19:15:43 +0000 2023,stocks[name][1],"The US government has imposed restrictions on some Nvidia $NVDA AI chip exports to certain countries in the Middle East

I have no idea why this story is breaking today the source is from Nvidia's $NVDA 10Q released on Monday https://t.co/Kzutdc01N3"
Nvidia,Wed Apr 30 21:13:47 +0000 2025,stocks[name][1],@unusual_whales According to this excellent WSJ 📊 $NVDA generates most of its revenue outside the U.S - even after the launch of ChatGPT &amp; GROK which sparked a surge of direct AI investment by U.S. Big Tech moguls. Nearly a quarter of Nvidia’s sales (!) in 2024 were in non-China countries https://t.co/qQiRklUOAj
Nvidia,Fri Apr 04 06:36:48 +0000 2025,stocks[name][1],"remember this guy👇? it's @BearGrylls. He said:
✅️ Improvise
✅️ Adapt
✅️ Overcome

so, let's do it! Let's make stock markets great again!

#nvidia #spx #tarrifs #USA
#stocks #crash #nasdaq #gpw https://t.co/eShIT0poch"
Nvidia,Wed Apr 16 07:17:33 +0000 2025,stocks[name][1],"The US government has banned Nvidia from selling H20 chips to China ""for the indefinite future.""  
Nvidia says this will come with a $5.5 billion charge to Q1 earnings.
Why is Trump trying to kill America's own high-tech companies?🤔 https://t.co/i2IE9VXAld"
Nvidia,Wed Jan 29 20:20:56 +0000 2025,stocks[name][1],"🇨🇳🇺🇸 Trump is considering restricting Nvidia’s chip sales to China, hitting NVIDIA stock even more. https://t.co/gNMkyRlia4"
Nvidia,Wed Apr 16 18:47:47 +0000 2025,stocks[name][1],"Tech stocks led a Wall Street sell-off on Wednesday after chipmaker Nvidia revealed that new US controls on sales to China would wipe billions of dollars from its earnings, dragging its peers sharply lower in early trading https://t.co/D0DpCX9TQv https://t.co/bS2frTJTos"
Nvidia,Wed Apr 16 17:32:42 +0000 2025,stocks[name][1],"Growing Chinese appetite for gold.
Chinese investors are ditching real estate and stocks 
and piling into gold instead..!:)

#Gold #tarrifs #Powell #NVIDIA #stockmarketcrash #property #stocks #Bitget $BNB $GLD $VIX $QQQ $SPY $SPX $FUR #ETPs #Trump #China #TradeWars
#TariffWar https://t.co/W1YgklAfpX"
Nvidia,Mon Nov 18 19:01:48 +0000 2024,stocks[name][1],"NVIDIA is obviously the breakout winner of AI
But who else is a shovel seller?

MICRON TECHNOLOGY:
1- only domestic memory maker at scale
(important in a world of tarrifs and tech lock downs)

2- All these DATA centers are being built.
You need GPUs to process the data, but https://t.co/wKdKfuu7ag"
Nvidia,Mon Dec 16 21:07:32 +0000 2024,stocks[name][1],"If your a cub member your loosing your ass on AMD AND NVIDIA JIM CRAMER AND JOHN MARX ARE TERRIBLE..TARRIFS EFFECTING
THE SMH STOCK BUYS https://t.co/9TxDPuVJzX"
Nvidia,Thu Apr 03 09:07:27 +0000 2025,stocks[name][1],"#cpx

Could be the next big riser like #SCGL #CPAI

will #nvidia ditch Japan, Taiwan and China and use #CPX which is Australia’s product with only 10% Tarrifs

Unbelievable value here
$NVDA https://t.co/F9kdXF0IcN"
Nvidia,Mon Apr 14 15:45:02 +0000 2025,stocks[name][1],"BREAKING: Nvidia, $NVDA, erases all “tariff exemption” gains and turns red on the day. https://t.co/gLXVdFwEJw"
Nvidia,Wed Apr 30 14:30:05 +0000 2025,stocks[name][1],#NVDA https://t.co/ZeDkIrAC6l
Nvidia,Wed Apr 30 04:04:32 +0000 2025,stocks[name][1],"$NVDA #NVDA Bull Flag on daily and 4hr chart, support at 105.50 and 104.22, bullish above 105 and 104. Breakout is 115.10, 50sma at 114.12, bull flag set up nicely, still think this one rallies higher towards breakout. Once we hit breakout, we head towards 116.51, 122.85, and https://t.co/mCoLf09hTf"
Nvidia,Wed Apr 30 11:15:05 +0000 2025,stocks[name][1],"米国株🇺🇸
#NVDA 
上値が重い
#ado https://t.co/Ide4QIg83F"
Nvidia,Wed Apr 30 14:30:01 +0000 2025,stocks[name][1],$NVDA #NVDA weekly https://t.co/FXOfpBXrzc
Nvidia,Wed Apr 30 14:18:56 +0000 2025,stocks[name][1],"Bear flag after bear flag #NVDA is cascading down. It tries to recover, yet cannot. https://t.co/E5WjJ8El2U"
Nvidia,Wed Apr 30 06:09:27 +0000 2025,stocks[name][1],"엔비디아 대량거래 매수 발생중
#엔비디아 #nvda https://t.co/BTlnBZbQJi"
Nvidia,Wed Apr 30 18:18:30 +0000 2025,stocks[name][1],"Can someone please explain: Why do two entirely disparate stocks like $AMC and $NVDA since long evolve as twins? Why has the ratio #AMC / #NVDA   constantly been in the close proximity to 0.025 for months, in spite of huge fluctuations in share price? https://t.co/o5wNbtywyo"
Nvidia,Wed Apr 30 20:39:20 +0000 2025,stocks[name][1],"April seemed so volatile but in the end my profit was $156,700 . Volatility should decrease in coming months. A golden era waits us friends. #PLTR #RKLb #BTC #GEV #HIMS #SOFI #TNXP 
#KTOS #WMT #NVDA #TSLA #TEM #RTX #ONDS #RTX #NBIS #BROS https://t.co/f6iWqxBjNq"
Nvidia,Wed Apr 30 13:35:12 +0000 2025,stocks[name][1],"$NVDA #NVDA if we reclaim $106 today, everything will be fine 👍🏼"
Nvidia,Mon Apr 28 14:05:43 +0000 2025,stocks[name][1],#GME #AMC #NVDA THIS IS HUGE https://t.co/kEd9yjqZTs
Nvidia,Wed Apr 30 16:40:58 +0000 2025,stocks[name][1],$NVDA gets a sell-call. Anyone surprised? It seems someone’s finally putting an end to the #NVDA pump. I do believe it’s being used as collateral for short positions in $AMC and other stocks. Let’s see what happens when NVDA deflates. #AMC https://t.co/I27kPSGWHh
Nvidia,Wed Apr 30 20:52:39 +0000 2025,stocks[name][1],"$TSLA &amp; $NVDA gapping down pre market

$SPY $TSLA $NVDA $QQQ $META $COIN $MSTR #BTC $AVGO $GEV $ORCL $ARM $NFLX #TSLA #NVDA #bitcoin #crypto #BTC #ETH #altcoin #trading #signal #copytrading #cryptosignal $USUAL   #BLAppleStockUp #TheCostOfTrump #دوري_أبطال_أوروبا #เพลงเหนือฟ้า https://t.co/CQkl63Envw"
Nvidia,Mon Apr 28 21:59:38 +0000 2025,stocks[name][1],"#NVDA
#stockmarkets is for those that waits.
$50 is not if but when!
I bet it will be in 1st quarter of 2026 based on monthly cycles https://t.co/nP7w2yzXzq"
Nvidia,Mon Apr 28 06:21:16 +0000 2025,stocks[name][1],"#NVDA : First target done, High $111.92 so far. #NVIDIA #StockMarket https://t.co/p0brZu61vm"
Nvidia,Wed Apr 30 01:13:44 +0000 2025,stocks[name][1],"🚨 21 CAPITAL IS A PERFECTLY-ENGINEERED BITCOIN-ACCUMULATING POWER WEAPON 🚨

Listen up, my dearest kiddies:

Tether is harvesting MONETARY SOVEREIGNTY through recursive debt-optimized collateral engineering while everyone else is still jerking off to NVIDIA earnings reports. https://t.co/tlNK6FnmzX"
Nvidia,Tue Apr 29 22:35:51 +0000 2025,stocks[name][1],"$AMD just tapped a 5-year trendline that started the last bull run! 

— MI300X GPUs gaining AI market share
— Huge tailwind from hyperscaler + AI infrastructure buildout
— $5B in cash

Downside risk is limited to $80. 

NVIDIA isn’t the only AI play. Earnings on May 6, 2025. https://t.co/UAiwKi4CCC"
Nvidia,Wed Feb 26 21:21:19 +0000 2025,stocks[name][1],"BREAKING: Nvidia $NVDA earnings:

Revenue $39.3B vs $38B
EPS $0.89 vs $0.84 https://t.co/R9r6S5n81w"
Nvidia,Wed Apr 30 21:13:51 +0000 2025,stocks[name][1],"Despite a slight dip during market hours, NVDA jumped 3.2% after close — a strong signal ahead of its May 28 earnings.
Is this the beginning of a bullish run?
#NVIDIA #NVDA #StockMarket #BullishBreakout #EarningsSeason https://t.co/oyZ2fiAU7v"
Nvidia,Tue Aug 27 15:09:42 +0000 2024,stocks[name][1],"All eyes are on NVIDIA $NVDA reporting earnings tomorrow after hours. 

Here's a quick pre-earnings overview 🔍👇

🔹Est. Revenue: $28.7B (+113%)
🔹Est. EPS: $0.64 (+138%) https://t.co/FlLfzjUscg"
Nvidia,Wed Apr 30 22:29:56 +0000 2025,stocks[name][1],"Microsoft killed earnings today while also planning to pull back AI data center infrastructure investments. 

This means more bad news for Nvidia when we thought it couldn’t get any worse. https://t.co/eza9bZdycv"
Nvidia,Sat Apr 19 13:10:41 +0000 2025,stocks[name][1],"Price to Earnings Ratios (Start of the Year --&gt; Today)...
Tesla: 198 --&gt; 118
Nvidia: 53 --&gt; 35
Apple: 40 --&gt; 31
Amazon: 40 --&gt; 31
Microsoft: 34 --&gt; 30
S&amp;P 500: 28 --&gt; 25
Meta: 24 --&gt; 21
Google: 24 --&gt; 19

Video: https://t.co/EIdveNiMbE https://t.co/pRaFV4Au7V"
Nvidia,Tue Apr 29 21:04:26 +0000 2025,stocks[name][1],"$SMCI earnings spooked Nvidia investors. I’ll take the discount 
1,100 shares. https://t.co/AeushuaVEk"
Nvidia,Wed Apr 30 14:35:32 +0000 2025,stocks[name][1],"📊 Big week ahead!
🗓️ May 1: Meta earnings,BOJ rate decision
🗓️ May 2: US Nonfarm Payrolls, Apple earnings
🗓️ May 6–9: Berkshire, Nvidia, Disney earnings
🗓️ May 7: Fed rate decision
🗓️ May 9: US CPI (inflation data)
#StockMarket #Earnings #Fed #CPI #Apple #Meta #Nvidia"
Nvidia,Wed May 22 20:20:55 +0000 2024,stocks[name][1],"NVIDIA $NVDA JUST REPORTED EARNINGS

EPS of $6.12 beating expectations of $5.58
Revenue of $26B beating expectations of $24.59B

NVIDIA ALSO JUST ANNOUNCED A NEW 10:1 STOCK SPLIT

 https://t.co/6v2yJNa3dM"
Nvidia,Tue Apr 29 22:17:18 +0000 2025,stocks[name][1],"Super Micro $SMCI getting slammed in AH after guiding their future earnings lower because of ""delayed customer platform decisions...."" The stock is down -16% in after hours trade!

This does not bode well for Nvidia $NVDA &amp; Broadcom $AVGO earnings! https://t.co/8tpEipYTDO"
Nvidia,Tue Apr 15 21:42:03 +0000 2025,stocks[name][1],"BREAKING: Nvidia, $NVDA, says the US government has banned them from selling H20 chips to China ""for the indefinite future.""

Nvidia says this will come with a $5.5 billion charge to Q1 earnings.

The stock is down over -5% on the news. https://t.co/SZwoytMjn5"
Nvidia,Tue Apr 29 21:02:35 +0000 2025,stocks[name][1],"$SMCI #SMCI #NVIDIA 

Remember one of our favourite frauds that traded as high as 66.20 in February after a lot of people like me wrote so much about #DeepSeek and AI. It is below 30 after earnings. Nobody saw it coming.

I am actually surprised why SMCI did not repeat the https://t.co/BWaNQcmvSP"
Nvidia,Mon Apr 28 15:12:22 +0000 2025,stocks[name][1],"$NVDA Daily. Worth noting negative divergence in NVIDIA vs. $QQQ and other tech, below April 9th highs whereas many other charts tested or exceeded them. Earnings still several weeks away. https://t.co/9Hbg5mYsOG"
Nvidia,Wed Apr 30 17:23:08 +0000 2025,stocks[name][1],"Jensen Huang just slammed a glowing AI chip on the global chessboard ♟️

Huawei’s breathing down our necks, and Nvidia’s engines are revving. Your move, Trump.

Time to unleash American tech globally. 

#AI #TechNews #Nvidia $NVDA https://t.co/Zidzd1WjJ9"
Nvidia,Mon Apr 21 13:54:40 +0000 2025,stocks[name][1],"📷The AI Stock NO ONE Is Talking About!
While Nvidia grabs headlines, $RGTI is quietly revolutionizing AI infrastructure with quantum computing. Its partnerships make it a must-watch for 2025.

📷Follow @Alerts_Bullish for the next premium Alert !

And subscribe to our newsletter https://t.co/SCeQpcksbr"
Nvidia,Tue Apr 29 15:51:58 +0000 2025,stocks[name][1],"Nvidia just added U.S. chipmaking (AZ now, TX soon), easing AI bottlenecks. Some begged for it at $153—now it’s ~$108. $NVDA is 3x faster-growing, 2x as profitable, and trading at just 24x forward earnings. This is a correction in a megatrend. It's still the most important stock. https://t.co/4zGTWoTiLv"
Nvidia,Sun Apr 27 16:00:42 +0000 2025,stocks[name][1],"China's Huawei Launches AI Chip To Fill Nvidia Void 

https://t.co/aNbrY1oP2I https://t.co/cKPTZhZzhM"
Nvidia,Wed Apr 23 13:14:01 +0000 2025,stocks[name][1],"Something to keep an eye on for Nvidia ✍️

On 3/13 The House Judiciary Committee opened a new investigation into $NVDA over their ""connections to the Biden Admin &amp; their AI moderation""

Coincidentally, Sen. Ashley Moody (R) bought ~$300K of Nvidia one week after the investigation https://t.co/wio6Y5376U"
Nvidia,Sun Apr 27 08:33:58 +0000 2025,stocks[name][1],"DeepSeek R1 wiped out $1 trillion from US stock market in January.

Now, DeepSeek R2 is about to be released, and the leaked numbers are impressive — e.g., training is 97% cheaper than OpenAI. 

More importantly, it was trained on Huawei’s AI chips (Ascend). No need for Nvidia! https://t.co/HiJhIdyJ6q"
Nvidia,Wed Apr 30 19:24:01 +0000 2025,stocks[name][1],"NVIDIA, $NVDA, just got hit with a rare Sell rating from Seaport Global — they say the AI upside is “priced in for now.”
Yet over 90% of Wall Street still has it rated as a Buy. https://t.co/9PZdOefahl"
Nvidia,Wed Apr 23 14:22:29 +0000 2025,stocks[name][1],"$NVDA just dropped monster Q1 earnings: 

Record $26B revenue driven by surging AI demand. 
Data center biz up 427% YoY. 

10-for-1 stock split June 7 to widen access. 

Dividend hiked 150%. The AI factory era is here—and NVIDIA is building it.

See details below 👇 https://t.co/1fndabgq0k"
Nvidia,Tue Apr 29 07:25:39 +0000 2025,stocks[name][1],"Nvidia stock apparently down as 'new Huawei AI chip' report takes lead
https://t.co/JXQvZxSZMF https://t.co/DSUhMes6SJ"
Nvidia,Wed Apr 30 17:00:47 +0000 2025,stocks[name][1],Nvidia’s stock gets a rare sell call – due to ‘mounting questions’ about AI https://t.co/xcWh7qgTTN
Nvidia,Thu Aug 24 11:57:09 +0000 2023,stocks[name][1],Nvidia’s earnings report is a perfect illustration of why the multi-year potential of AI is *not* yet priced into the stocks - analyst estimates tend to be conservative and rise when companies provide guidance and visibility. We would buy the dips in AI beneficiary stocks. Thank https://t.co/CWMWEEhhHJ
Nvidia,Tue Apr 29 20:49:58 +0000 2025,stocks[name][1],"Buy any AI stock or quantum computing chip (or Nvidia or any GPU chip company for that matter) right now. Go wild on the bonanza right now, and you'll make bank. It's like buying Twitter at $1 a share. The market is going to explode. Retire early."
Nvidia,Wed Apr 30 16:51:00 +0000 2025,stocks[name][1],"How do you feel about the $INJ ecosystem?

They're bringing a great blend of leading Web3 narratives through DeFi, AI &amp; RWAs

We already know how the ecosystems been building internally with RWAs ranging from NVIDIA stock to TradFi Indexes.

But most don't realize all the https://t.co/bjiMvcUn80"
Nvidia,Tue Feb 13 16:07:29 +0000 2024,stocks[name][1],"Over the past 10 years:
- Nvidia has advanced computing and AI by 1 million times.
- NVDA stock has risen 158 times.

The stock is still underperforming compared to the rate of innovation. https://t.co/rxjXMUC83w"
