as_of_date,ticker,headline,news_text,source,url,sentiment_score,bullish_probability,bearish_probability,neutral_probability,sentiment_category,confidence,key_points
2025-04-29 22:49:00,NVDA,TSMC's AI chip plans remain on track; CoWoS capacity to double in 2025,,Finviz,https://www.digitimes.com/news/a20250430PD220/tsmc-cowos-capacity-nvidia-2025.html,0.9268693946693781,0.9382112094238884,0.011341814754510226,0.050446975821601375,bullish,0.9382112094238884,[]
2025-04-29 21:55:00,NVDA,TSMC Starts Building Third Arizona Plant As US Tariffs Loom,,Finviz,https://finance.yahoo.com/news/tsmc-starts-building-third-arizona-015525442.html,0.37756872906871264,0.4772936417285418,0.0997249126598291,0.42298144561162915,bullish,0.4772936417285418,[]
2025-04-29 21:30:00,NVDA,Franklin Growth Fund Q1 2025 Commentary,,Finviz,https://seekingalpha.com/article/4779488-franklin-growth-fund-q1-2025-commentary?utm_source=finviz.com&utm_medium=referral&feed_item_type=article,0.03781816766004625,0.0512748377347545,0.01345667007470825,0.9352684921905372,neutral,0.9352684921905372,[]
2025-04-29 20:39:00,BA,Well Happily Take Them All: Boeing Stock (NYSE:BA) Gains as Another Buyer for the Chinese Planes Emerges,,Finviz,https://finance.yahoo.com/news/ll-happily-them-boeing-stock-003900270.html,0.9276873121068411,0.9455405156691945,0.017853203562353433,0.03660628076845211,bullish,0.9455405156691945,[]
2025-04-29 19:55:00,TSLA,"Elon Musk Was Asked 'Who's the Smartest Guy You've Ever Met?' He Picked Two CEOs, Both Named Larry  And One Even Said He'd Leave Him His Fortune",,Finviz,https://finance.yahoo.com/news/elon-musk-asked-whos-smartest-235549519.html,-0.013003925803770907,0.02819753983708748,0.04120146564085839,0.9306009945220541,neutral,0.9306009945220541,[]
2025-04-29 19:30:00,NVDA,"Brad Gerstner Says He's Buying NVIDIA (NVDA) Amid 'Off The Charts' GPU Demand, Secular Growth",,Finviz,/news/38283/brad-gerstner-says-hes-buying-nvidia-nvda-amid-off-the-charts-gpu-demand-secular-growth,-0.29229728441987507,0.08045242606919369,0.37274971048906874,0.5467978634417375,bearish,0.5467978634417375,[]
2025-04-29 18:21:00,TSLA,Trump's auto tariff exemptions: What they mean for automakers,,Finviz,https://finance.yahoo.com/video/trumps-auto-tariff-exemptions-mean-222100504.html,0.06562407616878749,0.08863490473230742,0.02301082856351994,0.8883542667041726,bullish,0.8883542667041726,[]
2025-04-29 17:45:00,NVDA,Nvidia (NVDA) Gains But Lags Market: What You Should Know,,Finviz,/news/39450/nvidia-nvda-gains-but-lags-market-what-you-should-know,0.12922754848224235,0.17609680158152285,0.04686925309928049,0.7770339453191967,bullish,0.7770339453191967,[]
2025-04-29 17:39:00,NVDA,These Charts Show How Every S&P 500 Stock Has Performed in Trumps First 100 Days,,Finviz,https://finance.yahoo.com/m/85255294-5bae-3c9d-9909-77641aa7ab6a/these-charts-show-how-every.html,0.09960588925614497,0.12465801509989013,0.02505212584374517,0.8502898590563647,bullish,0.8502898590563647,[]
2025-04-29 17:39:00,NVDA,Supermicro Stock Plummets as Server Maker Slashes Quarterly Forecast,,Finviz,https://www.investopedia.com/supermicro-stock-plummets-as-server-maker-slashes-quarterly-forecast-11724596,-0.9615228814082338,0.008051511344175566,0.9695743927524094,0.022374095903415017,bearish,0.9695743927524094,[]
2025-04-29 17:30:00,NVDA,"NVIDIA, Dell fall after-hours after SMCIs Q3 warning",,Finviz,https://finance.yahoo.com/news/nvidia-dell-fall-hours-smci-213040839.html,-0.8755088423646011,0.013370083443189419,0.8888789258077906,0.09775099074901998,bearish,0.8888789258077906,[]
2025-04-29 17:26:00,NVDA,Super Micro Computer Stock Plunges On Weak March-Quarter Figures,,Finviz,https://finance.yahoo.com/m/788e8b20-360f-391a-873d-6f8dfb72ea5b/super-micro-computer-stock.html,-0.9627302636433772,0.008755200257122508,0.9714854639004997,0.019759335842377736,bearish,0.9714854639004997,[]
2025-04-29 16:52:00,TSLA,"For Ford, Tesla, the Worst Auto Tariff Case Is Off the Table",,Finviz,https://finance.yahoo.com/m/8e2e947d-89f0-3bce-9192-df0bf3f25d23/for-ford%2C-tesla%2C-the-worst.html,-0.4365146450760256,0.03407262777834723,0.47058727285437285,0.4953400993672799,bearish,0.4953400993672799,[]
2025-04-29 16:48:00,BA,Watch These Boeing Stock Price Levels After 5-Session Winning Streak Snapped,,Finviz,https://www.investopedia.com/watch-these-boeing-stock-price-levels-after-5-session-winning-streak-snapped-11723927,0.12002595424632762,0.13690347867530972,0.016877524428982105,0.8462189968957081,bullish,0.8462189968957081,[]
2025-04-29 16:46:00,NVDA,Jim Cramer Says NVIDIA (NVDA) Being 'Punished' for Doing Business With 'Enemy Nation',,Finviz,/news/38086/jim-cramer-says-nvidia-nvda-being-punished-for-doing-business-with-enemy-nation,-0.9403654243241674,0.01357425284904824,0.9539396771732156,0.03248606997773617,bearish,0.9539396771732156,[]
2025-04-29 16:44:00,TSLA,Tesla Stock Rose for 6th Straight Day. Why Robots Matter More Than Tariffs.,,Finviz,https://finance.yahoo.com/m/474498fc-c584-3d73-8e4f-3d8bf1342679/tesla-stock-rose-for-6th.html,0.09290825506368089,0.13515099782384188,0.04224274276016099,0.8226062594159971,bullish,0.8226062594159971,[]
2025-04-29 16:42:00,TSLA,"Tesla's Slump Has Been A Goldmine For Short Sellers This YearThey've Made $11.5 Billion, Beating Out Nvidia's $9.4 Billion",,Finviz,https://finance.yahoo.com/news/teslas-slump-goldmine-short-sellers-204219906.html,0.9067044612727297,0.92364111193154,0.016936650658810257,0.059422237409649754,bullish,0.92364111193154,[]
2025-04-29 16:19:00,NVDA,"These Stocks Moved the Most Today: GM, Tesla, Ford, JetBlue, Wolfspeed, SoFi, Nvidia, and More",,Finviz,https://finance.yahoo.com/m/f0c0f99a-882a-3f36-a29b-6bb39cba2324/these-stocks-moved-the-most.html,0.07457850651209037,0.12359017510443404,0.04901166859234367,0.8273981563032223,bullish,0.8273981563032223,[]
2025-04-29 16:10:00,NVDA,"IGM: Mag 7's P/E Has Come Down Ahead Of Q1 Earnings, But Technical Damage Done",,Finviz,https://seekingalpha.com/article/4779354-igm-mag-7s-pe-has-come-down-ahead-of-q1-earnings-but-technical-damage-done?utm_source=finviz.com&utm_medium=referral&feed_item_type=article,-0.9560109854421402,0.014934667317149578,0.9709456527592898,0.014119679923560615,bearish,0.9709456527592898,[]
2025-04-29 15:58:00,NVDA,Nvidia stock dips amid Reuters report on AI chip export rule review,,Finviz,https://finance.yahoo.com/news/nvidia-stock-dips-amid-reuters-195848482.html,-0.9218985778557905,0.01597592707108355,0.9378745049268741,0.04614956800204241,bearish,0.9378745049268741,[]
2025-04-29 15:58:00,TSLA,"Tesla hiring over 1,000 workers to ramp up Semi truck production, Business Insider reports",,Finviz,https://finance.yahoo.com/news/tesla-hiring-over-1-000-195834307.html,0.7369487901259304,0.7805982173934711,0.043649427267540786,0.17575235533898803,bullish,0.7805982173934711,[]
2025-04-29 15:45:00,TSLA,"Tesla sees a rare insider buy, but also a notable insider sale",,Finviz,https://finance.yahoo.com/news/tesla-sees-rare-insider-buy-194534437.html,0.3917462708930998,0.4039759130974531,0.012229642204353287,0.5837944446981936,bullish,0.5837944446981936,[]
2025-04-29 15:41:00,TSLA,How the auto industry will benefit from new tariff break rules,,Finviz,https://finance.yahoo.com/video/auto-industry-benefit-tariff-break-194147372.html,0.1217025769137422,0.13407552541961204,0.012372948505869848,0.8535515260745181,bullish,0.8535515260745181,[]
2025-04-29 15:11:00,TSLA,"Elon Musk Wants Tesla To Be 'Most Valuable Company' In The World, But Top Investor Doubts EV Giant's Rise Without Apple-Style Marketing Strategy",,Finviz,https://finance.yahoo.com/news/elon-musk-wants-tesla-most-191120121.html,-0.6181918119845334,0.09408264142521147,0.7122744534097449,0.19364290516504362,bearish,0.7122744534097449,[]
2025-04-29 15:03:00,TSLA,Tesla Is Still A Strong Sell After Earnings,,Finviz,https://seekingalpha.com/article/4779308-tesla-is-still-a-strong-sell-after-earnings?utm_source=finviz.com&utm_medium=referral&feed_item_type=article,0.8766089176574711,0.8953387479092365,0.018729830251765427,0.08593142183899809,bullish,0.8953387479092365,[]
2025-04-29 15:00:00,NVDA,"Dell Technologies Stock Trading at Big Discount: Should You Buy, Sell or Hold?",,Finviz,/news/38066/dell-technologies-stock-trading-at-big-discount-should-you-buy-sell-or-hold,0.00029290092898488773,0.0320706419298716,0.03177774100088671,0.9361516170692417,neutral,0.9361516170692417,[]
2025-04-29 14:45:00,TSLA,"These Stocks Are Moving the Most Today: GM, Tesla, Ford, JetBlue, Wolfspeed, SoFi, Nvidia, and More",,Finviz,https://finance.yahoo.com/m/f0c0f99a-882a-3f36-a29b-6bb39cba2324/these-stocks-are-moving-the.html,0.07031035737590599,0.10798112785731828,0.037670770481412284,0.8543481016612694,bullish,0.8543481016612694,[]
2025-04-29 14:25:00,NVDA,"Amazon (AMZN), Nvidia (NVDA) Say AI Data Center Demand Remains Strong",,Finviz,https://finance.yahoo.com/news/amazon-amzn-nvidia-nvda-ai-182516579.html,0.9299655741489079,0.9536049563402728,0.023639382191364834,0.022755661468362356,bullish,0.9536049563402728,[]
2025-04-29 14:07:00,TSLA,Trumps first 100 days in office have cost Elon Musk $113 billion of his net worth,,Finviz,https://finance.yahoo.com/news/trump-first-100-days-office-180745360.html,-0.7187672013536827,0.028018454663833604,0.7467856560175162,0.22519588931865017,bearish,0.7467856560175162,[]
2025-04-29 14:00:00,TSLA,Tesla: Don't Keep Letting The Market Take You For A Ride,,Finviz,https://seekingalpha.com/article/4779107-tesla-dont-keep-letting-the-market-take-you-for-a-ride?utm_source=finviz.com&utm_medium=referral&feed_item_type=article,-0.03551100738958678,0.04701404128664187,0.08252504867622865,0.8704609100371294,neutral,0.8704609100371294,[]
2025-04-29 13:48:00,NVDA,Should You Buy Palantir Stock Ahead of Q1 Earnings Report?,,Finviz,/news/38043/should-you-buy-palantir-stock-ahead-of-q1-earnings-report,0.03672847677895565,0.05652530526964037,0.019796828490684718,0.923677866239675,neutral,0.923677866239675,[]
2025-04-29 12:24:00,TSLA,Howard Lutnick confirms tariff relief for US automakers,,Finviz,https://finance.yahoo.com/video/howard-lutnick-confirms-tariff-relief-162430619.html,0.8883646014820158,0.9214423024224548,0.033077700940439075,0.04547999663710604,bullish,0.9214423024224548,[]
2025-04-29 12:24:00,TSLA,Summer Recession Forecasted By Apollo: Is This S&P 500 Rally Built To Last?,,Finviz,https://seekingalpha.com/article/4779182-summer-recession-forecasted-by-apollo-is-this-s-and-p-500-rally-built-to-last?utm_source=finviz.com&utm_medium=referral&feed_item_type=article,-0.10333664047223806,0.08018647939105689,0.18352311986329495,0.7362904007456481,bearish,0.7362904007456481,[]
2025-04-29 12:00:00,NVDA,Nvidia: Time To Go All In,,Finviz,https://seekingalpha.com/article/4779027-nvidia-stock-time-to-go-all-in?utm_source=finviz.com&utm_medium=referral&feed_item_type=article,0.10036042703835565,0.11753773996465877,0.017177312926303114,0.8652849471090381,bullish,0.8652849471090381,[]
2025-04-29 11:38:00,NVDA,NVIDIA Corporation (NVDA): Among Billionaire Andreas Halvorsen's Stock Picks With Huge Upside Potential,,Finviz,/news/37878/nvidia-corporation-nvda-among-billionaire-andreas-halvorsens-stock-picks-with-huge-upside-potential,0.8819415876124681,0.8982058696582476,0.01626428204577951,0.08552984829597288,bullish,0.8982058696582476,[]
2025-04-29 11:23:00,TSLA,Elon Musks retreat from DOGE has lifted Teslas market cap by $158 billionbut the stock is still 50% off its December peak,,Finviz,https://finance.yahoo.com/news/elon-musk-retreat-doge-lifted-152315001.html,-0.34045294117195646,0.315562222367641,0.6560151635395974,0.028422614092761613,bearish,0.6560151635395974,[]
2025-04-29 11:17:00,TSLA,Tesla Stock Is Down. Why Robots Matter More Than Tariffs.,,Finviz,https://finance.yahoo.com/m/474498fc-c584-3d73-8e4f-3d8bf1342679/tesla-stock-is-down.-why.html,-0.9109739893796999,0.011707133052910235,0.9226811224326101,0.0656117445144796,bearish,0.9226811224326101,[]
2025-04-29 11:08:00,BA,Trump Is Finally Coming Face to Face With Voters After Approval Rating Falls,,Finviz,https://finance.yahoo.com/news/trump-finally-coming-face-face-090000092.html,0.3657682741547864,0.3845598158919784,0.018791541737192,0.5966486423708296,bullish,0.5966486423708296,[]
2025-04-29 11:03:00,TSLA,What Economic Campaign Promises Has Trump Enacted In His First 100 Days?,,Finviz,https://www.investopedia.com/what-economic-campaign-promises-has-trump-enacted-in-first-100-days-11723909,0.00628487765789032,0.04210909456014633,0.03582421690225601,0.9220666885375977,neutral,0.9220666885375977,[]
2025-04-29 10:53:00,NVDA,"Nvidia's Technology Gap At Risk Amid Blackwell Delay, Analyst Says; Is Nvidia A Sell Now?",,Finviz,https://finance.yahoo.com/m/dc591aa5-8656-399f-a2b0-90fb4c8c329e/nvidia%27s-technology-gap-at.html,-0.5605187474210513,0.053028520394222886,0.6135472678152742,0.33342421179050286,bearish,0.6135472678152742,[]
2025-04-29 10:45:00,NVDA,Nvidia Stock Drops. Where This Analyst Sees a Threat to Sales.,,Finviz,https://finance.yahoo.com/m/d17662c2-f5c2-31a0-bb43-b94c5f07ceb2/nvidia-stock-drops.-where.html,-0.9501999514455022,0.010105529780817676,0.9603054812263199,0.029588988992862508,bearish,0.9603054812263199,[]
2025-04-29 10:41:00,NVDA,"NVDA Stock Can Perform Well in the Long Term, Veteran Investor Says",,Finviz,/news/37696/nvda-stock-can-perform-well-in-the-long-term-veteran-investor-says,0.9403083997489359,0.9533863325120915,0.013077932763155596,0.033535734724752894,bullish,0.9533863325120915,[]
2025-04-29 10:40:00,BA,UBS Recently Raised Its Price Target on Boeing (BA) Stock,,Finviz,/news/37666/ubs-recently-raised-its-price-target-on-boeing-ba-stock,0.892524932180392,0.902967328747917,0.010442396567524988,0.08659027468455802,bullish,0.902967328747917,[]
2025-04-29 10:39:00,TSLA,Cramer Says He's Betting on TSLA When It Comes to Robotaxis,,Finviz,/news/37665/cramer-says-hes-betting-on-tsla-when-it-comes-to-robotaxis,0.08657166728748315,0.09733174851795436,0.010760081230471202,0.8919081702515744,bullish,0.8919081702515744,[]
2025-04-29 10:16:00,NVDA,Is NVIDIA Corporation (NVDA) the Worst-Performing Blue Chip Stock So Far in 2025?,,Finviz,/news/37607/is-nvidia-corporation-nvda-the-worst-performing-blue-chip-stock-so-far-in-2025,-0.9520889483060251,0.009232309294375888,0.961321257600401,0.029446433105223106,bearish,0.961321257600401,[]
2025-04-29 10:12:00,TSLA,"Is Tesla, Inc. (TSLA) the Worst-Performing Blue Chip Stock So Far in 2025?",,Finviz,/news/37576/is-tesla-inc-tsla-the-worst-performing-blue-chip-stock-so-far-in-2025,-0.9516254845677218,0.009982456536816535,0.9616079411045383,0.02840960235864522,bearish,0.9616079411045383,[]
2025-04-29 10:05:00,NVDA,Markets Hold Their Breath,,Finviz,https://seekingalpha.com/article/4779135-markets-hold-their-breath?utm_source=finviz.com&utm_medium=referral&feed_item_type=article,-0.13942184601904453,0.04451718769492,0.18393903371396453,0.7715437785911154,bearish,0.7715437785911154,[]
2025-04-29 09:59:00,TSLA,Trump to offer relief on auto tariffs in new executive order,,Finviz,https://finance.yahoo.com/video/trump-offer-relief-auto-tariffs-135912454.html,0.31251590326523204,0.4836278548018846,0.17111195153665254,0.3452601936614629,bullish,0.4836278548018846,[]
2025-04-29 09:54:00,NVDA,Mag 7: What the technicals are saying about Big Tech stocks,,Finviz,https://finance.yahoo.com/video/mag-7-technicals-saying-big-135458838.html,-0.007682405583912255,0.03472337949402734,0.042405785077939594,0.922870835428033,neutral,0.922870835428033,[]
2025-04-29 09:50:00,TSLA,Tesla Stock Is Stuck. Can Trumps Auto Tariff Changes Get It Moving Again?,,Finviz,https://finance.yahoo.com/m/474498fc-c584-3d73-8e4f-3d8bf1342679/tesla-stock-is-stuck.-can.html,-0.5963985561117046,0.03875964637412435,0.6351582024858289,0.32608215114004674,bearish,0.6351582024858289,[]
2025-04-29 09:44:00,BA,India's $67 Billion Boeing Bet Could Rewrite the US Trade Playbook,,Finviz,https://finance.yahoo.com/news/indias-67-billion-boeing-bet-134449281.html,0.06130514339584964,0.1264277855040713,0.06512264210822166,0.808449572387707,bullish,0.808449572387707,[]
2025-04-29 09:36:00,NVDA,Microsoft and Amazon Capex in Focus Amid Potential AI Pullback,,Finviz,https://finance.yahoo.com/news/microsoft-amazon-capex-focus-amid-095531516.html,-0.8316920203996376,0.03025224262989448,0.8619442630295321,0.1078034943405734,bearish,0.8619442630295321,[]
2025-04-29 09:24:00,TSLA,Tesla Valuation Update: Bearish Signals In A Changing Market (Rating Downgrade),,Finviz,https://seekingalpha.com/article/4779095-tesla-valuation-update-bearish-signals-in-a-changing-market-rating-downgrade?utm_source=finviz.com&utm_medium=referral&feed_item_type=article,-0.9217332295180573,0.014820638623427255,0.9365538681414846,0.048625493235088184,bearish,0.9365538681414846,[]
2025-04-29 09:21:00,NVDA,Here's Why NVIDIA Corporation (NVDA) Fell in Q1,,Finviz,/news/37425/heres-why-nvidia-corporation-nvda-fell-in-q1,-0.9265602343103407,0.017007148748623236,0.9435673830589639,0.03942546819241278,bearish,0.9435673830589639,[]
2025-04-29 09:20:00,TSLA,Baron Partners Fund Q1 2025 Top Contributors And Detractors,,Finviz,https://seekingalpha.com/article/4779113-baron-partners-fund-q1-2025-top-contributors-and-detractors?utm_source=finviz.com&utm_medium=referral&feed_item_type=article,0.02546735565813706,0.047883713360702324,0.022416357702565264,0.9296999289367324,neutral,0.9296999289367324,[]
2025-04-29 09:12:00,NVDA,"H100 Renting Prices Will Drop, Fast - Reiterating Sell On Nebius",,Finviz,https://seekingalpha.com/article/4779089-h100-renting-prices-will-drop-fast-reiterating-sell-on-nebius?utm_source=finviz.com&utm_medium=referral&feed_item_type=article,-0.9510976694033592,0.013011469855391837,0.964109139258751,0.022879390885857154,bearish,0.964109139258751,[]
2025-04-29 09:08:00,TSLA,"Tesla: Early Signs Of A Turnaround, But Fundamentals Are Not Driving It",,Finviz,https://seekingalpha.com/article/4779082-tesla-early-signs-of-a-turnaround-but-fundamentals-are-not-driving-it?utm_source=finviz.com&utm_medium=referral&feed_item_type=article,0.8580365569363919,0.8986890215573197,0.040652464620927746,0.06065851382175259,bullish,0.8986890215573197,[]
2025-04-29 09:05:00,NVDA,Chip Design Hits AI Crossover Point,,Finviz,https://seekingalpha.com/article/4779094-chip-design-hits-ai-crossover-point?utm_source=finviz.com&utm_medium=referral&feed_item_type=article,0.46174024273513303,0.6115045779046668,0.14976433516953377,0.23873108692579945,bullish,0.6115045779046668,[]
2025-04-29 09:01:00,TSLA,Former Ford CEO Mark Fields on auto tariffs reprieve: The biggest winner is Tesla,,Finviz,https://www.youtube.com/watch?v=QmgGnTlXBhM,0.25621752995090535,0.30547389160488625,0.049256361653980896,0.6452697467411328,bullish,0.6452697467411328,[]
2025-04-29 09:00:00,NVDA,NVIDIA Corporation (NVDA) is Attracting Investor Attention: Here is What You Should Know,,Finviz,/news/37519/nvidia-corporation-nvda-is-attracting-investor-attention-here-is-what-you-should-know,0.05915820961701896,0.07338441498189824,0.01422620536487928,0.9123893796532225,bullish,0.9123893796532225,[]
2025-04-29 09:00:00,BA,Is Trending Stock The Boeing Company (BA) a Buy Now?,,Finviz,/news/37518/is-trending-stock-the-boeing-company-ba-a-buy-now,0.0774418688582817,0.09367315192004586,0.01623128306176415,0.89009556501819,bullish,0.89009556501819,[]
2025-04-29 08:30:00,NVDA,ClearBridge Global Value Improvers Strategy Q1 2025 Commentary,,Finviz,https://seekingalpha.com/article/4779096-clearbridge-global-value-improvers-strategy-q1-2025-commentary?utm_source=finviz.com&utm_medium=referral&feed_item_type=article,0.06235626642752887,0.0771949506119458,0.014838684184416933,0.9079663652036373,bullish,0.9079663652036373,[]
2025-04-29 08:30:00,NVDA,Fiduciary Management Q1 2025 Shareholder Letter,,Finviz,https://seekingalpha.com/article/4779097-fiduciary-management-q1-2025-shareholder-letter?utm_source=finviz.com&utm_medium=referral&feed_item_type=article,-0.026271720712012853,0.02095073597066185,0.047222456682674704,0.9318268073466635,neutral,0.9318268073466635,[]
2025-04-29 08:30:00,NVDA,Q1 2025 Cadence Design Systems Inc Earnings Call,,Finviz,https://finance.yahoo.com/news/q1-2025-cadence-design-systems-123027473.html,-0.09636569431560373,0.03387957451447686,0.13024526883008058,0.8358751566554425,bearish,0.8358751566554425,[]
2025-04-29 08:29:00,TSLA,Tesla Stock Sees First Insider Buy in Years,,Finviz,https://finance.yahoo.com/m/66c21af2-6ca2-3640-b9aa-de042f54a234/tesla-stock-sees-first.html,0.19792684434379249,0.2092575370455313,0.011330692701738818,0.7794117702527299,bullish,0.7794117702527299,[]
2025-04-29 08:18:00,BA,"Emirates CEO on Aircraft Order Talks With Boeing, Airbus",,Finviz,https://finance.yahoo.com/video/emirates-ceo-aircraft-order-talks-121823474.html,0.05286338259896511,0.07390545680270964,0.021042074203744536,0.9050524689935459,bullish,0.9050524689935459,[]
2025-04-29 08:11:00,NVDA,Stock-Split Watch: Is Nvidia Next?,,Finviz,/news/37315/stock-split-watch-is-nvidia-next,-0.011265587523287018,0.02789295206525353,0.03915853958854055,0.9329485083462059,neutral,0.9329485083462059,[]
2025-04-29 08:10:00,TSLA,Baron Partners Fund Q1 2025 Shareholder Letter,,Finviz,https://seekingalpha.com/article/4779077-baron-partners-fund-q1-2025-shareholder-letter?utm_source=finviz.com&utm_medium=referral&feed_item_type=article,0.026507331965018685,0.04087797548540125,0.014370643520382566,0.9447513809942162,neutral,0.9447513809942162,[]
2025-04-29 08:00:00,NVDA,S&P 493 earnings growth appears to be gaining as Mag 7 slows,,Finviz,https://finance.yahoo.com/video/p-493-earnings-growth-appears-120055848.html,0.9346549348924836,0.9551969633160551,0.020542028423571473,0.024261008260373425,bullish,0.9551969633160551,[]
2025-04-29 07:45:00,BA,Aerospace and Defense Stocks Take Flight After Strong Earnings,,Finviz,/news/41440/aerospace-and-defense-stocks-take-flight-after-strong-earnings,0.21452284498580831,0.47236601925987065,0.25784317427406234,0.269790806466067,bullish,0.47236601925987065,[]
2025-04-29 07:45:00,BA,Q2 2025 Woodward Inc Earnings Call,,Finviz,https://finance.yahoo.com/news/q2-2025-woodward-inc-earnings-114556559.html,-0.224363483344977,0.031922524517009256,0.25628600786198624,0.7117914676210045,bearish,0.7117914676210045,[]
2025-04-29 07:32:00,BA,"Spirit AeroSystems, Airbus reach $439M divestiture deal",,Finviz,https://finance.yahoo.com/m/630435ec-f7c9-314c-8497-932cf5632f51/spirit-aerosystems%2C-airbus.html,0.06884462341161605,0.0846500339566737,0.015805410545057647,0.8995445554982686,bullish,0.8995445554982686,[]
2025-04-29 07:30:00,TSLA,Tesla 'riding waves of sentiment' on hopes of better Q2,,Finviz,https://finance.yahoo.com/video/tesla-riding-waves-sentiment-hopes-113008695.html,0.7340550601805028,0.8238943587494355,0.08983929856893265,0.08626634268163186,bullish,0.8238943587494355,[]
2025-04-29 07:15:00,TSLA,Tesla's Q1 Disaster: Downgrading To Sell As Future Looks Bleaker Than Ever,,Finviz,https://seekingalpha.com/article/4778689-teslas-q1-disaster-downgrading-to-sell-as-future-looks-bleaker-than-ever?utm_source=finviz.com&utm_medium=referral&feed_item_type=article,-0.9128459337329394,0.024936036627187574,0.937781970360127,0.03728199301268547,bearish,0.937781970360127,[]
2025-04-29 06:45:00,NVDA,Inside Best-Performing Leveraged ETFs of Last Week,,Finviz,/news/37272/inside-best-performing-leveraged-etfs-of-last-week,0.3627841865601512,0.42942618683835587,0.06664200027820467,0.5039318128834395,bullish,0.5039318128834395,[]
2025-04-29 06:31:00,TSLA,Donald Trumps first 100 days in images,,Finviz,https://finance.yahoo.com/m/7f5dabc0-6e42-3f1c-b674-4166eb145728/donald-trump%E2%80%99s-first-100-days.html,0.015953898073273194,0.044685046121067266,0.028731148047794072,0.9265838058311386,neutral,0.9265838058311386,[]
2025-04-29 06:30:00,BA,Xi Is Trying to Turn World Against US as Trump Cuts Trade Deals,,Finviz,https://finance.yahoo.com/news/xi-trying-turn-world-against-103001129.html,-0.7460774752110714,0.06159906347097711,0.8076765386820485,0.13072439784697448,bearish,0.8076765386820485,[]
2025-04-29 06:00:00,BA,Elon Musk Lost 25% of Fortune During His Quest to Gut the US Government,,Finviz,https://finance.yahoo.com/news/musk-nears-end-130-day-100015944.html,-0.8029702677419105,0.018318813171721012,0.8212890809136315,0.1603921059146475,bearish,0.8212890809136315,[]
2025-04-29 06:00:00,TSLA,"As Musk Nears End of 130-Day DOGE Stint, He's $113 Billion Down",,Finviz,https://finance.yahoo.com/news/musk-nears-end-130-day-100015944.html,0.006712151628805771,0.03378377450831444,0.02707162287950867,0.9391446026121769,neutral,0.9391446026121769,[]
2025-04-29 05:52:00,BA,"Stock Market News for Apr 29, 2025",,Finviz,/news/37217/stock-market-news-for-apr-29-2025,-0.033780312857746034,0.022191437415975727,0.05597175027372176,0.9218368123103025,neutral,0.9218368123103025,[]
2025-04-29 05:38:00,TSLA,Tesla Stock Can Accelerate on Trumps Expected Auto Tariff Changes,,Finviz,https://finance.yahoo.com/m/474498fc-c584-3d73-8e4f-3d8bf1342679/tesla-stock-can-accelerate-on.html,0.8939040085788814,0.9067809370630202,0.012876928484138836,0.08034213445284091,bullish,0.9067809370630202,[]
2025-04-29 05:16:00,TSLA,"Tesla Stock: The Technoking Has Returned - Buy (Technical Analysis, Rating Upgrade)",,Finviz,https://seekingalpha.com/article/4779010-tesla-stock-the-technoking-has-returned-buy-technical-analysis-upgrade-buy?utm_source=finviz.com&utm_medium=referral&feed_item_type=article,0.7317651852088705,0.7432347363039215,0.011469551095050967,0.24529571260102762,bullish,0.7432347363039215,[]
2025-04-29 05:00:00,TSLA,What Nvidia Investors Should Know About Tesla's AI Updates,,Finviz,/news/37168/what-nvidia-investors-should-know-about-teslas-ai-updates,-0.006946941772969978,0.028915757044071733,0.03586269881704171,0.9352215441388866,neutral,0.9352215441388866,[]
2025-04-29 04:37:00,TSLA,Will Musk's Increased Focus on Tesla Boost Its Stock?,,Finviz,/news/37162/will-musks-increased-focus-on-tesla-boost-its-stock,0.8940593449887643,0.9058606436056645,0.011801298616900322,0.08233805777743518,bullish,0.9058606436056645,[]
2025-04-29 02:15:00,TSLA,Alphabet Sets A Positive Tone Ahead Of Mega Tech Earnings Results This Week,,Finviz,https://seekingalpha.com/article/4778990-alphabet-sets-positive-tone-ahead-mega-tech-earnings-results?utm_source=finviz.com&utm_medium=referral&feed_item_type=article,0.9048229918961895,0.9272101132693167,0.022387121373127133,0.05040276535755617,bullish,0.9272101132693167,[]
2025-04-29 02:05:00,BA,China Offers Olive Branch to U.S. Firms After Boeing Delivery Halt,,Finviz,https://finance.yahoo.com/m/8eadac5d-d152-30b0-834b-e12e15cb901b/china-offers-olive-branch-to.html,0.658598310880044,0.6738180900832498,0.015219779203205842,0.3109621307135444,bullish,0.6738180900832498,[]
2025-04-29 01:52:00,BA,"Stocks Advance on Auto Tariff Reprieve, Gold Drops: Markets Wrap",,Finviz,https://finance.yahoo.com/news/asian-stocks-edge-barrage-earnings-014255977.html,-0.44494582381139824,0.23980502605583498,0.6847508498672332,0.07544412407693174,bearish,0.6847508498672332,[]
2025-04-28 23:42:00,BA,"Chinese airlines and Boeing severely hit by tariffs, Beijing says",,Finviz,https://finance.yahoo.com/news/china-says-airlines-boeing-severely-034218502.html,-0.9544355525665154,0.013490133443013816,0.9679256860095292,0.01858418054745698,bearish,0.9679256860095292,[]
2025-04-28 20:00:00,TSLA,Worried About Tesla's Brand Issues? These 3 Words From the Company's First-Quarter Earnings Call Should Put Your Fears to Rest.,,Finviz,/news/37038/worried-about-teslas-brand-issues-these-3-words-from-the-companys-first-quarter-earnings-call-should-put-your-fears-to-rest,-0.0212869853408421,0.07641317182989012,0.09770015717073222,0.8258866709993776,neutral,0.8258866709993776,[]
2025-04-28 18:57:00,TSLA,"Hedge fund manager Dan Niles says the bar is higher after Alphabet, Tesla results",,Finviz,https://www.youtube.com/watch?v=Sbc1Pi5BKgY,0.3338292290563825,0.3815793238678107,0.04775009481142818,0.5706705813207612,bullish,0.5706705813207612,[]
2025-04-28 18:52:00,TSLA,Tesla's Semi factory in Nevada to have first trucks in production by end of 2025,,Finviz,https://finance.yahoo.com/news/teslas-semi-factory-nevada-first-225258071.html,0.22818341736850944,0.23653094448472287,0.008347527116213435,0.7551215283990638,bullish,0.7551215283990638,[]
2025-04-28 18:37:00,TSLA,Elon Musk gets more bad news as rival launches the anti-Tesla,,Finviz,https://finance.yahoo.com/m/ebad8cb1-5cdb-359a-8881-bcdc248eaa6c/elon-musk-gets-more-bad-news.html,-0.8128481067238446,0.03975037843081959,0.8525984851546642,0.10765113641451621,bearish,0.8525984851546642,[]
2025-04-28 18:25:00,BA,Stocks Rise in Final Hour of Wall Street Trading: Markets Wrap,,Finviz,https://finance.yahoo.com/news/asian-investors-eye-china-trade-233327069.html,0.12285714975425155,0.22250423662351856,0.09964708686926702,0.6778486765072144,bullish,0.6778486765072144,[]
2025-04-28 18:15:00,BA,S&P removes Boeing's rating from CreditWatch negative on improving aircraft production,,Finviz,https://finance.yahoo.com/news/p-removes-boeings-rating-creditwatch-221531494.html,-0.7116720788862386,0.11432400047679245,0.8259960793630311,0.05967992016017645,bearish,0.8259960793630311,[]
2025-04-28 18:01:00,TSLA,"Elon Musk Said He'd Give $6 Billion to End World Hunger If the UN Could Explain How  They Did, But He Didn't Give Them a Dime",,Finviz,https://finance.yahoo.com/news/elon-musk-said-hed-6-220133724.html,0.04359731466918183,0.0661950560889954,0.022597741419813563,0.911207202491191,neutral,0.911207202491191,[]
2025-04-28 17:49:00,BA,Boeing outlook remains negative as S&P cites recovery risks,,Finviz,https://finance.yahoo.com/news/boeing-outlook-remains-negative-p-214915407.html,-0.951729374311345,0.007747548899559682,0.9594769232109046,0.03277552788953575,bearish,0.9594769232109046,[]
2025-04-28 17:25:00,TSLA,"Brad Gerstner Says 'No Market' for Tesla (TSLA) If It Doesn't Execute on Pricing, Speed",,Finviz,/news/36845/brad-gerstner-says-no-market-for-tesla-tsla-if-it-doesnt-execute-on-pricing-speed,-0.01687168367665299,0.03920307098037908,0.05607475465703207,0.9047221743625888,neutral,0.9047221743625888,[]
2025-04-28 17:24:00,TSLA,Elon Musk's Ex-Wives Missed Out on His Billion-Dollar Wealth  Here's Why,,Finviz,https://finance.yahoo.com/news/elon-musks-ex-wives-missed-212439464.html,-0.16340687057761236,0.04033325315142522,0.20374012372903758,0.7559266231195372,bearish,0.7559266231195372,[]
2025-04-28 16:57:00,BA,"Stocks to Watch Recap: Dominos Pizza, Nvidia, Boeing, Plug Power",,Finviz,https://finance.yahoo.com/m/ec0246fe-5275-30bc-a71d-8ce563ebab62/stocks-to-watch-recap%3A.html,0.04886040727361125,0.06794977036230779,0.01908936308869653,0.9129608665489957,neutral,0.9129608665489957,[]
2025-04-28 16:34:00,BA,Boeing Stock Rose Today for 2 Reasons,,Finviz,https://finance.yahoo.com/m/219ef1ad-008d-3045-9de0-cbd71f91d516/boeing-stock-rose-today-for-2.html,0.844870466449988,0.8738680498187766,0.02899758336878863,0.09713436681243473,bullish,0.8738680498187766,[]
2025-04-28 16:27:00,TSLA,Tesla Stock Barely Eked Out a Gain. Why the $300 Level Is Back in Play.,,Finviz,https://finance.yahoo.com/m/7ab2283f-4449-3172-8843-ca0766539a5e/tesla-stock-barely-eked-out-a.html,0.054079856419573996,0.08694608606799796,0.032866229648423964,0.8801876842835781,bullish,0.8801876842835781,[]
2025-04-28 16:17:00,BA,"Boeing Stock Climbs On Upgrade, China Jet Offer; Airbus To Buy Spirit AeroSystems Plants",,Finviz,https://finance.yahoo.com/m/d691d10f-1a00-30b8-8e36-2f5bd1e350e9/boeing-stock-climbs-on.html,0.8471251032347756,0.8893494903886862,0.04222438715391053,0.06842612245740332,bullish,0.8893494903886862,[]
2025-04-28 16:12:00,TSLA,"These Stocks Moved the Most Today: Tesla, Nvidia, Dominos, Spirit AeroSystems, IBM, MicroStrategy, and More",,Finviz,https://finance.yahoo.com/m/54e6892b-da20-3f60-92d2-c44e213b8a9a/these-stocks-moved-the-most.html,0.09503700762766554,0.14169356872477717,0.04665656109711164,0.8116498701781112,bullish,0.8116498701781112,[]
2025-04-28 16:07:00,BA,Boeing Stock Rises as Company Gets Double Dose of Good News,,Finviz,https://www.investopedia.com/boeing-stock-rises-as-company-gets-double-dose-of-good-news-11723347,0.8588672228634855,0.8985972611842091,0.039730038320723624,0.06167270049506728,bullish,0.8985972611842091,[]
2025-04-28 15:09:00,BA,"Stocks to Watch Monday: Dominos Pizza, Nvidia, Boeing, Plug Power",,Finviz,https://finance.yahoo.com/m/ec0246fe-5275-30bc-a71d-8ce563ebab62/stocks-to-watch-monday%3A.html,0.022710124749824628,0.04910663298296325,0.026396508233138622,0.9244968587838981,neutral,0.9244968587838981,[]
2025-04-28 14:56:00,TSLA,"Musk's DOGE cuts helped his companies avoid over $2B in legal liabilities, new Senate report alleges",,Finviz,https://www.youtube.com/watch?v=Bq4jU7sVE2E,0.5714018046855927,0.7531529068946838,0.1817511022090912,0.06509599089622498,bullish,0.7531529068946838,[]
2025-04-28 14:39:00,TSLA,Former Auto Exec Says Tesla (TSLA) Q1 Numbers Had 'Noise' - Q2 Will Be 'Very Telling',,Finviz,/news/36772/former-auto-exec-says-tesla-tsla-q1-numbers-had-noise-q2-will-be-very-telling,-0.6643146214079155,0.1534565856199639,0.8177712070278794,0.02877220735215666,bearish,0.8177712070278794,[]
2025-04-28 14:13:00,TSLA,"Magnificent Seven Stocks Tumble: Nvidia, Tesla Sell Off",,Finviz,https://finance.yahoo.com/m/4205eaa9-f620-3a0b-a81a-0e82c7c9fd0b/magnificent-seven-stocks.html,-0.9158690536347821,0.013714317182347072,0.9295833708171292,0.056702312000523815,bearish,0.9295833708171292,[]
2025-04-28 14:08:00,BA,Riyadh Air Pounces on Boeing's China Jets,,Finviz,https://finance.yahoo.com/news/riyadh-air-pounces-boeings-china-180840791.html,-0.6439800736011558,0.036035902529687414,0.6800159761308433,0.28394812133946923,bearish,0.6800159761308433,[]
2025-04-28 13:55:00,TSLA,"BYD Is Outperforming Tesla, And Its Stock Should, Too - Reiterating Buy",,Finviz,https://seekingalpha.com/article/4778849-byd-is-outperforming-tesla-and-its-stock-should-too-reiterating-buy?utm_source=finviz.com&utm_medium=referral&feed_item_type=article,-0.08233317671467977,0.42185094638279863,0.5041841230974784,0.07396493051972292,bearish,0.5041841230974784,[]
2025-04-28 13:46:00,TSLA,Tesla Lifts Canadian EV Prices More Than 20% After New Tariffs,,Finviz,https://finance.yahoo.com/news/tesla-lifts-canadian-ev-prices-174602054.html,0.9231085787323546,0.9452307558793284,0.02212217714697377,0.0326470669736979,bullish,0.9452307558793284,[]
2025-04-28 13:23:00,TSLA,"These Stocks Are Moving the Most Today: Tesla, Nvidia, Dominos, Spirit AeroSystems, IBM, MicroStrategy, and More",,Finviz,https://finance.yahoo.com/m/54e6892b-da20-3f60-92d2-c44e213b8a9a/these-stocks-are-moving-the.html,0.055225451390607964,0.104742290577322,0.04951683918671403,0.845740870235964,bullish,0.845740870235964,[]
2025-04-28 13:07:00,TSLA,What To Expect In The April 2025 Job Report On Friday,,Finviz,https://seekingalpha.com/article/4778836-what-to-expect-in-the-april-2025-job-report-on-friday?utm_source=finviz.com&utm_medium=referral&feed_item_type=article,-0.24007580816632795,0.022694244642641474,0.2627700528089694,0.714535702548389,bearish,0.714535702548389,[]
2025-04-28 12:58:00,BA,"Boeing (BA) Is Upgraded by Bernstein, Well-Known Investor Is Still Bullish on the Name",,Finviz,/news/36709/boeing-ba-is-upgraded-by-bernstein-well-known-investor-is-still-bullish-on-the-name,0.9187720907744279,0.9331769116161673,0.014404820841739397,0.052418267542093284,bullish,0.9331769116161673,[]
2025-04-28 12:47:00,TSLA,Tesla Stock Falls. Why the $300 Level Is Back in Play.,,Finviz,https://finance.yahoo.com/m/7ab2283f-4449-3172-8843-ca0766539a5e/tesla-stock-falls.-why-the.html,-0.32287684106357006,0.034390620118589246,0.3572674611821593,0.6083419186992515,bearish,0.6083419186992515,[]
2025-04-28 12:33:00,TSLA,"Tesla, Inc. (TSLA): A Bull Case Theory",,Finviz,/news/36660/tesla-inc-tsla-a-bull-case-theory,0.023513008151238222,0.04415076666776395,0.020637758516525728,0.9352114748157103,neutral,0.9352114748157103,[]
2025-04-28 12:21:00,BA,Why Airbus Stock Popped Today,,Finviz,/news/36655/why-airbus-stock-popped-today,-0.6366921615981663,0.04174920684003406,0.6784413684382004,0.2798094247217656,bearish,0.6784413684382004,[]
2025-04-28 12:16:00,BA,"Huawei & Nvidia, Plug Power, Airbus buys Spirit Aerosystems plants",,Finviz,https://finance.yahoo.com/video/huawei-nvidia-plug-power-airbus-161621216.html,0.13098052745064528,0.14070740787689748,0.0097268804262522,0.8495657116968504,bullish,0.8495657116968504,[]
2025-04-28 11:57:00,TSLA,"Top Stock Movers Now: Nvidia, Tesla, Boeing, and More",,Finviz,https://finance.yahoo.com/m/cc2058d8-779f-3e10-ae4c-26a5fcc407e3/top-stock-movers-now%3A-nvidia%2C.html,0.06782140331758645,0.08000563643859615,0.012184233121009703,0.9078101304403942,bullish,0.9078101304403942,[]
2025-04-28 11:55:00,BA,Turbulence Ahead? Airlines Look To Navigate Uncertain Tourism Outlook,,Finviz,https://seekingalpha.com/article/4778828-turbulence-ahead-airlines-look-to-navigate-uncertain-tourism-outlook?utm_source=finviz.com&utm_medium=referral&feed_item_type=article,-0.6117653848932196,0.03448654402953655,0.6462519289227562,0.31926152704770727,bearish,0.6462519289227562,[]
2025-04-28 11:31:00,TSLA,Tesla's Plunge Isn't Close To Being Over,,Finviz,https://seekingalpha.com/article/4778798-tesla-plunge-isnt-close-to-being-over?utm_source=finviz.com&utm_medium=referral&feed_item_type=article,-0.011512286703758978,0.05295679599888334,0.06446908270264232,0.8825741212984743,neutral,0.8825741212984743,[]
2025-04-28 11:27:00,TSLA,Anduril Is Aiming to Do to Lockheed What Tesla Did to Ford,,Finviz,https://finance.yahoo.com/m/ec53f9eb-9d11-3bcf-9397-0b3d75ddf557/anduril-is-aiming-to-do-to.html,0.07797643124912662,0.09008513976669158,0.012108708517564962,0.8978061517157435,bullish,0.8978061517157435,[]
2025-04-28 11:26:00,BA,"Jim Cramer Says Boeing (BA) a 'Tough' Stock to Own, Recommends 'Other Ways to Play' Aerospace",,Finviz,/news/36628/jim-cramer-says-boeing-ba-a-tough-stock-to-own-recommends-other-ways-to-play-aerospace,-0.02821280188319692,0.06003839045934634,0.08825119234254326,0.8517104171981104,neutral,0.8517104171981104,[]
2025-04-28 11:24:00,TSLA,"Tesla's ""Moment of Truth""",,Finviz,/news/36622/teslas-moment-of-truth,0.055893244626921745,0.07971800655861927,0.023824761931697528,0.8964572315096832,bullish,0.8964572315096832,[]
2025-04-28 11:23:00,TSLA,Analyst Says Tesla (TSLA) 'May Not Have Hit Rock Bottom Yet',,Finviz,/news/36619/analyst-says-tesla-tsla-may-not-have-hit-rock-bottom-yet,-0.8787329608936882,0.036868645213165595,0.9156016061068538,0.047529748679980555,bearish,0.9156016061068538,[]
2025-04-28 11:20:00,TSLA,"Tesla: Hated And Down, But Not Out",,Finviz,https://seekingalpha.com/article/4778790-tesla-hated-and-down-but-not-out?utm_source=finviz.com&utm_medium=referral&feed_item_type=article,-0.08587480144482551,0.06312785156530473,0.14900265301013024,0.7878694954245651,bearish,0.7878694954245651,[]
2025-04-28 11:16:00,TSLA,"Tesla stock, Domino's Q1 earnings, WW International activist stake",,Finviz,https://finance.yahoo.com/video/tesla-stock-dominos-q1-earnings-151624988.html,0.027286319334107287,0.046311892466804915,0.019025573132697628,0.9346625344004975,neutral,0.9346625344004975,[]
2025-04-28 11:12:00,TSLA,"Elon Musk's conflicts of interest: $2.37 billion in potential federal penalties, report says",,Finviz,https://finance.yahoo.com/news/elon-musks-conflicts-interest-2-151219813.html,-0.8133920320850453,0.013788030059072197,0.8271800621441174,0.15903190779681042,bearish,0.8271800621441174,[]
2025-04-28 11:05:00,BA,Airbus is buying some of rival Boeing's old supply chain,,Finviz,https://qz.com/airbus-boeing-spirit-aerosystems-acquisition-1851778098,0.5149326250446096,0.5251349987741513,0.010202373729541737,0.464662627496307,bullish,0.5251349987741513,[]
2025-04-28 11:00:00,TSLA,5 Stocks That Powered Nasdaq ETF's Outperformance Last Week,,Finviz,/news/36633/5-stocks-that-powered-nasdaq-etfs-outperformance-last-week,0.5029928795770341,0.702944809921497,0.1999519303444629,0.09710325973404005,bullish,0.702944809921497,[]
2025-04-28 11:00:00,TSLA,Retail traders should consider more conservative investments: Wall Street veteran,,Finviz,https://finance.yahoo.com/news/retail-traders-should-consider-more-conservative-investments-wall-street-veteran-150009867.html,0.06525233985179005,0.07835169815908626,0.0130993583072962,0.9085489435336176,bullish,0.9085489435336176,[]
2025-04-28 10:56:00,BA,Cramer's Mad Dash: Boeing,,Finviz,https://www.youtube.com/watch?v=D38rJ-aAwgA,-0.006795328237029323,0.04867443533007866,0.055469763567107984,0.8958558011028134,neutral,0.8958558011028134,[]
2025-04-28 10:56:00,TSLA,Memo claims Elon Musk to avoid $2.37B in legal liabilities through DOGE influence,,Finviz,https://www.youtube.com/watch?v=8hSTYRjQHCI,-0.07514101266860962,0.1420709788799286,0.2172119915485382,0.6407170295715332,bearish,0.6407170295715332,[]
2025-04-28 10:23:00,BA,XLI: The Pick If You Are Bullish On U.S. Manufacturing,,Finviz,https://seekingalpha.com/article/4778769-xli-the-pick-if-you-are-bullish-on-us-manufacturing?utm_source=finviz.com&utm_medium=referral&feed_item_type=article,0.12392132427616673,0.1433668719291047,0.019445547652937958,0.8371875804179574,bullish,0.8371875804179574,[]
2025-04-28 10:13:00,BA,"Boeing, Jack in the Box, Eli Lilly: Trending Tickers",,Finviz,https://finance.yahoo.com/video/boeing-jack-box-eli-lilly-141316547.html,0.004758581483672697,0.03857108549348201,0.03381250400980931,0.9276164104967086,neutral,0.9276164104967086,[]
2025-04-28 10:11:00,BA,"Fears for 2,000 UK jobs as Airbus and Boeing carve up Belfast factory",,Finviz,https://finance.yahoo.com/m/8ebd05e9-f85b-3865-bafd-eec1b1f4ddb1/fears-for-2%2C000-uk-jobs-as.html,-0.9381100085294152,0.012715837598473192,0.9508258461278883,0.03645831627363848,bearish,0.9508258461278883,[]
2025-04-28 09:42:00,BA,"Boeing upgraded, Chipotle downgraded: Wall Street's top analyst calls",,Finviz,https://finance.yahoo.com/news/boeing-upgraded-chipotle-downgraded-wall-134223391.html,0.03303256434008095,0.3176163543691424,0.2845837900290614,0.39779985560179615,neutral,0.39779985560179615,[]
2025-04-28 09:37:00,BA,How Should an Investor Play Boeing Stock After Q1 Earnings Beat?,,Finviz,/news/36502/how-should-an-investor-play-boeing-stock-after-q1-earnings-beat,-0.029504059426305018,0.033719262463483404,0.06322332188978842,0.9030574156467281,neutral,0.9030574156467281,[]
2025-04-28 07:35:00,BA,Boeing Stock Is Rising for Two Reasons,,Finviz,https://finance.yahoo.com/m/219ef1ad-008d-3045-9de0-cbd71f91d516/boeing-stock-is-rising-for.html,0.803527795510263,0.8655996886432182,0.06207189313295523,0.07232841822382652,bullish,0.8655996886432182,[]
2025-04-28 07:15:00,BA,Boeing shares up in premarket as Bernstein upgrades to Buy on improved outlook,,Finviz,https://finance.yahoo.com/news/boeing-shares-premarket-bernstein-upgrades-111509416.html,0.914538352726456,0.9426349506821664,0.028096597955710418,0.02926845136212317,bullish,0.9426349506821664,[]
2025-04-28 06:03:00,BA,"US aviation industry slammed by tariffs, seeks exemptions",,Finviz,https://finance.yahoo.com/news/us-aviation-industry-slammed-tariffs-100328935.html,-0.8558747906014198,0.03401831740250095,0.8898931080039207,0.07608857459357825,bearish,0.8898931080039207,[]
2025-04-28 05:47:00,BA,"Riyadh Air willing to buy Boeing planes from cancelled Chinese orders, CEO says",,Finviz,https://finance.yahoo.com/news/riyadh-air-willing-buy-boeing-094727389.html,0.8918037596784671,0.915762785508345,0.0239590258298778,0.060278188661777185,bullish,0.915762785508345,[]
2025-04-28 05:31:00,BA,Airbus Reaches Deal to Buy Spirit AeroSystems Plants,,Finviz,https://finance.yahoo.com/m/bda074cc-50c3-348e-a8ae-9c1eb2068f97/airbus-reaches-deal-to-buy.html,0.6443407299990314,0.6571875477759769,0.012846817776945572,0.32996563444707755,bullish,0.6571875477759769,[]
2025-04-28 04:48:00,BA,"Riyadh Air CEO on Tariffs, Cabins, Orders, Deliveries",,Finviz,https://finance.yahoo.com/video/riyadh-air-ceo-tariffs-cabins-084856074.html,-0.007488982263739445,0.025575511352824237,0.03306449361656368,0.9413599950306121,neutral,0.9413599950306121,[]
2025-04-27 23:53:00,BA,Trade tensions take flight: Trump tariffs spark China retaliation against Boeing,,Finviz,https://www.digitimes.com/news/a20250428PD208/donald-trump-aircraft-war-airbus-comac.html,-0.6345981474824457,0.05593750935862762,0.6905356568410733,0.2535268338002991,bearish,0.6905356568410733,[]
2025-04-27 23:09:00,BA,The Boeing Company (BA): Among the Best Military Drone Stocks to Buy Now,,Finviz,/news/35288/the-boeing-company-ba-among-the-best-military-drone-stocks-to-buy-now,0.7169808345618464,0.725725812704167,0.008744978142320687,0.2655292091535123,bullish,0.725725812704167,[]
2025-04-27 06:06:00,BA,SpaceX Trounces Boeing and Lockheed as Space Force Hands Out $13 Billion in Launch Contracts,,Finviz,/news/35066/spacex-trounces-boeing-and-lockheed-as-space-force-hands-out-13-billion-in-launch-contracts,-0.9058642210323876,0.012117252114929321,0.9179814731473169,0.0699012747377537,bearish,0.9179814731473169,[]
2025-04-27 03:01:00,BA,Woodward (WWD) To Report Earnings Tomorrow: Here Is What To Expect,,Finviz,/news/35876/woodward-wwd-to-report-earnings-tomorrow-here-is-what-to-expect,-0.028626053885533204,0.020063485501777705,0.04868953938731091,0.9312469751109114,neutral,0.9312469751109114,[]
2025-04-26 15:00:00,BA,Private Credits Cracks Widened Before Turmoil,,Finviz,https://finance.yahoo.com/news/private-credit-cracks-widened-turmoil-190000792.html,-0.3127002231657372,0.18014468669028957,0.4928449098560268,0.32701040345368365,bearish,0.4928449098560268,[]
2025-04-26 06:45:00,BA,What Moved Markets This Week,,Finviz,https://seekingalpha.com/article/4778472-what-moved-markets-this-week?utm_source=finviz.com&utm_medium=referral&feed_item_type=article,-0.0416423029564032,0.03649420481517489,0.07813650777157809,0.885369287413247,neutral,0.885369287413247,[]
2025-04-26 05:00:00,BA,"Companies Weigh Price Increases, Manufacturing Moves as Trump Tariffs Hit",,Finviz,https://www.investopedia.com/companies-weigh-price-increases-manufacturing-moves-as-trump-tariffs-hit-11722314,0.016287141154972505,0.04740525213648573,0.031118110981513222,0.9214766368820011,neutral,0.9214766368820011,[]
2025-04-25 20:04:00,BA,"Boeing Faces Key Turnaround Challenges With Tariff Risks, China Orders: Analyst",,Finviz,https://finance.yahoo.com/news/boeing-faces-key-turnaround-challenges-000426497.html,0.26933812336146595,0.32099367503423404,0.051655551672768106,0.6273507732929978,bullish,0.6273507732929978,[]
2025-04-25 16:39:00,BA,"The Score: Tesla, Capital One, Boeing and More Stocks That Defined the Week",,Finviz,https://finance.yahoo.com/m/7496540a-247b-307d-bc45-ba893cf9aa63/the-score%3A-tesla%2C-capital.html,0.029078864827998888,0.050127378569168664,0.021048513741169776,0.9288241076896616,neutral,0.9288241076896616,[]
2025-04-25 11:32:00,BA,"HWM Q1 Earnings Preview: Time to Buy, Sell or Hold the Stock?",,Finviz,/news/36045/hwm-q1-earnings-preview-time-to-buy-sell-or-hold-the-stock,-0.011859495148586127,0.030130945033837314,0.04199044018242344,0.9278786147837392,neutral,0.9278786147837392,[]
2025-04-25 10:55:00,BA,"Boeing should default China for not taking committed planes, Trump says",,Finviz,https://finance.yahoo.com/news/boeing-default-china-not-taking-145531966.html,-0.8272606047038779,0.04191876979111708,0.8691793744949949,0.08890185571388792,bearish,0.8691793744949949,[]
2025-04-25 08:45:00,BA,Boeing: Turbulence Is Minimal Even If China Stops Buying Planes,,Finviz,/news/41474/boeing-turbulence-is-minimal-even-if-china-stops-buying-planes,0.5158543884754181,0.6078157424926758,0.09196135401725769,0.30022290349006653,bullish,0.6078157424926758,[]
2025-04-25 07:01:00,BA,"Boeing will find it relatively easy to find customers for Chinas rejected planes, says jet leasing CEO",,Finviz,https://finance.yahoo.com/news/boeing-relatively-easy-customers-china-110154012.html,0.6107995703112362,0.6254241425749203,0.014624572263684119,0.3599512851613956,bullish,0.6254241425749203,[]
2025-04-25 02:30:00,BA,Airbus Stock Could Gain From Boeings Woes. Sizing Up the China Question.,,Finviz,https://finance.yahoo.com/m/08591a04-6194-3ec1-8bf3-c34cad02f297/airbus-stock-could-gain-from.html,0.18309164928713179,0.2036813512718778,0.020589701984746023,0.7757289467433761,bullish,0.7757289467433761,[]
2025-04-24 23:01:00,BA,Trump Says US Talking With China on Trade After Beijings Denial,,Finviz,https://finance.yahoo.com/news/china-says-us-revoke-unilateral-082147537.html,0.12613221391359616,0.13943289882603832,0.013300684912442165,0.8472664162615196,bullish,0.8472664162615196,[]
2025-04-24 16:35:00,BA,"American Airlines, Carriers Pull Outlooks; Boeing Confirms China Boycott",,Finviz,https://finance.yahoo.com/m/58f8c944-205f-3aa7-ba80-7e872a1c5e9f/american-airlines%2C-carriers.html,-0.9120356577311549,0.01725308102440633,0.9292887387555613,0.053458180220032396,bearish,0.9292887387555613,[]
2025-04-24 16:14:00,BA,"Boeing Sees Skies Clear After MAX, Covid, and Quality Woes Took a $240 Billion Toll",,Finviz,https://finance.yahoo.com/m/c973354a-7b34-31df-8580-05e02288c97c/boeing-sees-skies-clear-after.html,0.9037606984096713,0.928301029441498,0.02454033103182665,0.047158639526675344,bullish,0.928301029441498,[]
2025-04-24 15:37:00,BA,Alaska Airlines CEO on Boeing aircraft delivery and performance,,Finviz,https://www.youtube.com/watch?v=igSxXXfrLDk,0.011349916796383766,0.03607545900569734,0.024725542209313577,0.9391989987849891,neutral,0.9391989987849891,[]
2025-04-24 15:36:00,BA,Airbus Executive: Tariffs Could Unravel Aerospace Supply Chains Post-Covid Recovery,,Finviz,https://finance.yahoo.com/m/eb43fc53-1aa4-3574-a77a-15faaa168d96/airbus-executive%3A-tariffs.html,-0.9339326773253186,0.01273180221107166,0.9466644795363902,0.04060371825253817,bearish,0.9466644795363902,[]
2025-04-24 14:49:00,BA,Trump Blasts China Over Boeing Jet Snub Amid Escalating Trade Feud,,Finviz,https://finance.yahoo.com/news/trump-blasts-china-over-boeing-184959721.html,-0.8336610732247816,0.03602882024882006,0.8696898934736016,0.0942812862775784,bearish,0.8696898934736016,[]
2025-04-24 14:41:00,BA,"Lockheed Martin Delivers Strong Earnings, Upside Remains",,Finviz,https://seekingalpha.com/article/4777786-lockheed-martin-delivers-strong-earnings-upside-remains?utm_source=finviz.com&utm_medium=referral&feed_item_type=article,0.9279528484767805,0.9492618918979002,0.021309043421119774,0.029429064680980044,bullish,0.9492618918979002,[]
2025-04-24 13:34:00,BA,"Air India in talks with Boeing to take 10 planes snubbed by Chinese airlines, sources say",,Finviz,https://finance.yahoo.com/news/air-india-talks-boeing-10-173410142.html,-0.1894076806919503,0.3646602414099926,0.5540679221019429,0.08127183648806445,bearish,0.5540679221019429,[]
2025-04-24 13:13:00,BA,Trump Says Boeing Should Default China Over Returned Planes,,Finviz,https://finance.yahoo.com/m/16aebb68-5051-3d81-96ed-b41687b201b1/trump-says-boeing-should.html,-0.35762811131393574,0.19690934726866044,0.5545374585825962,0.24855319414874333,bearish,0.5545374585825962,[]
2025-04-24 12:20:00,BA,American Airlines Doesnt Want Tariff-Fueled Prices Increases on Planes,,Finviz,https://finance.yahoo.com/m/71300c4a-18a3-3384-a389-ec330dda1de2/american-airlines-doesn%E2%80%99t.html,0.22251163131483748,0.28450371013371994,0.06199207881888248,0.6535042110473976,bullish,0.6535042110473976,[]
2025-04-24 11:37:00,BA,Boeing: A Very Bullish Outlook,,Finviz,https://seekingalpha.com/article/4777643-boeing-a-very-bullish-outlook?utm_source=finviz.com&utm_medium=referral&feed_item_type=article,0.8759073980939398,0.905996116276693,0.03008871818275311,0.0639151655405539,bullish,0.905996116276693,[]
2025-04-24 10:49:00,BA,Boeing CEO 'won't be shy' about bringing in new execs if needed,,Finviz,https://finance.yahoo.com/news/boeing-ceo-wont-shy-bringing-144902182.html,0.22969222521666866,0.23955376205501208,0.009861536838343425,0.7505847011066444,bullish,0.7505847011066444,[]
2025-04-24 10:45:00,BA,Boeing says much of supply chain based in U.S.,,Finviz,https://finance.yahoo.com/news/boeing-says-much-supply-chain-144539137.html,0.07723098376593492,0.08767310358478206,0.010442119818847146,0.9018847765963708,bullish,0.9018847765963708,[]
2025-04-24 10:42:00,BA,"Boeing's Q1 Earnings Top Estimates, Revenues Increase Y/Y (Revised)",,Finviz,/news/33487/boeings-q1-earnings-top-estimates-revenues-increase-yy-revised,0.8720973454370469,0.9002964673425785,0.028199121905531647,0.07150441075188989,bullish,0.9002964673425785,[]
2025-04-24 10:37:00,BA,"BA Q1 Earnings Call: Boeing Addresses Tariff Uncertainty and Production Ramp, Sees Progress on Recovery",,Finviz,/news/33608/ba-q1-earnings-call-boeing-addresses-tariff-uncertainty-and-production-ramp-sees-progress-on-recovery,0.889533992445223,0.9310920869227204,0.04155809447749739,0.027349818599782208,bullish,0.9310920869227204,[]
2025-04-24 09:50:00,BA,"Stock Market News for Apr 24, 2025",,Finviz,/news/33272/stock-market-news-for-apr-24-2025,-0.03353812830609494,0.022631078368359994,0.056169206674454936,0.9211997149571851,neutral,0.9211997149571851,[]
2025-04-24 09:03:00,BA,US durable goods orders soar on aircraft bookings in March,,Finviz,https://finance.yahoo.com/news/us-durable-goods-orders-soar-130357373.html,0.3569473630878094,0.6634287846524805,0.30648142156467106,0.03008979378284848,bullish,0.6634287846524805,[]
2025-04-24 03:14:00,BA,Q1 2025 Boeing Co Earnings Call,,Finviz,https://finance.yahoo.com/news/q1-2025-boeing-co-earnings-071445569.html,-0.052819069278169165,0.05101028438281162,0.10382935366098078,0.8451603619562076,bearish,0.8451603619562076,[]
2025-04-24 03:05:00,BA,Boeing Co (BA) Q1 2025 Earnings Call Highlights: Strong Revenue Growth Amid Tariff Challenges,,Finviz,https://finance.yahoo.com/news/boeing-co-ba-q1-2025-070545947.html,0.932459863909187,0.9522420622074297,0.019782198298242713,0.027975739494327613,bullish,0.9522420622074297,[]
2025-04-24 00:00:00,BA,"Vietnam Airlines to finalise 50 Boeing narrow-body order soon, sources say",,Finviz,https://finance.yahoo.com/news/vietnam-airlines-finalise-50-boeing-040027584.html,0.540647616208593,0.5579953266418861,0.017347710433293084,0.4246569629248208,bullish,0.5579953266418861,[]
2025-04-23 22:56:00,BA,Boeing ready to resell jets as tariffs hit China trade,,Finviz,https://finance.yahoo.com/news/chinese-customers-rejecting-jets-due-025618567.html,0.8404858149814334,0.8631618424859756,0.02267602750454226,0.11416213000948215,bullish,0.8631618424859756,[]
2025-04-23 17:58:00,BA,Analyst Report: The Boeing Company,,Finviz,https://finance.yahoo.com/m/f4b2fe90-3130-36f2-bbbb-2f4fd0954707/analyst-report%3A-the-boeing.html,-0.038267280540639326,0.027617274932493965,0.0658845554731333,0.9064981695943727,neutral,0.9064981695943727,[]
2025-04-23 16:51:00,BA,Boeing Stock Surges on Earnings. There Is Still a Lot of Uncertainty Ahead.,,Finviz,https://finance.yahoo.com/m/3b01ffeb-93bc-3f6a-9afd-9c6c08e1d00e/boeing-stock-surges-on.html,-0.47242522404043535,0.1387019968806507,0.6111272209210861,0.2501707821982633,bearish,0.6111272209210861,[]
2025-04-23 16:30:00,BA,The Dow climbs 400 points as Trump backs off Powell and Tesla stock rallies,,Finviz,https://finance.yahoo.com/news/trump-blinks-stocks-come-roaring-122700042.html,-0.4489170960597886,0.1814372769640659,0.6303543730238544,0.18820835001207964,bearish,0.6303543730238544,[]
2025-04-23 16:29:00,BA,"Stocks to Watch Recap: IBM, Shopify, Intuitive Surgical, Boeing",,Finviz,https://finance.yahoo.com/m/15f480ad-d6a5-3e03-8b83-e98746b4ea40/stocks-to-watch-recap%3A-ibm%2C.html,0.03214836625506115,0.04992822846518074,0.01777986221011959,0.9322919093246996,neutral,0.9322919093246996,[]
2025-04-23 16:22:00,BA,"Boeing Stock Surges On Q1 Results, Plus $10.6 Billion Deal",,Finviz,https://finance.yahoo.com/m/91e4b866-7931-3c7f-aa95-b830e8a3fb02/boeing-stock-surges-on-q1.html,0.8524021538617473,0.9106272216795467,0.05822506781779937,0.03114771050265392,bullish,0.9106272216795467,[]
2025-04-23 16:17:00,BA,"These Stocks Moved the Most Today: Tesla, Intel, Enphase, Bristol Myers, Boeing, AT&T, and More",,Finviz,https://finance.yahoo.com/m/395d1256-47e3-36db-aac3-d015a10ebf8d/these-stocks-moved-the-most.html,0.13295559809034022,0.17019700813818342,0.0372414100478432,0.7925615818139734,bullish,0.7925615818139734,[]
2025-04-23 16:10:00,BA,Traders Fixated on What Companies Spend More Than Earn,,Finviz,https://finance.yahoo.com/news/traders-fixated-companies-spend-more-201030913.html,-0.08635300269196924,0.03851274343561018,0.12486574612757942,0.8366215104368104,bearish,0.8366215104368104,[]
2025-04-23 15:42:00,BA,Private Credit Just Crushed Wall Street--$4B Loan Fuels Thoma Bravo's $10.6B Boeing Buyout,,Finviz,https://finance.yahoo.com/news/private-credit-just-crushed-wall-194237721.html,0.38534994765073216,0.6019589125526276,0.21660896490189538,0.18143212254547708,bullish,0.6019589125526276,[]
2025-04-23 15:05:00,BA,"Boeing CEO says trade uncertainty, China tensions not expected to affect aerospace giants rebound",,Finviz,https://finance.yahoo.com/m/50527b09-6622-38a0-aa5e-5d9e4105a1d8/boeing-ceo-says-trade.html,-0.3922886952183298,0.03523444410588178,0.4275231393242116,0.5372424165699066,bearish,0.5372424165699066,[]
2025-04-23 14:40:00,BA,"These Stocks Are Moving the Most Today: Tesla, Intel, Enphase, Bristol Myers, Boeing, AT&T, and More",,Finviz,https://finance.yahoo.com/m/395d1256-47e3-36db-aac3-d015a10ebf8d/these-stocks-are-moving-the.html,0.10973940299126195,0.14884499540127835,0.0391055924100164,0.8120494121887053,bullish,0.8120494121887053,[]
2025-04-23 14:30:00,BA,Wall Street Lunch: Bessent Comments On China Tariffs,,Finviz,https://seekingalpha.com/article/4777307-wall-street-lunch-bessent-comments-on-china-tariffs?utm_source=finviz.com&utm_medium=referral&feed_item_type=article,0.0237780656847646,0.06354904080109237,0.039770975116327774,0.8966799840825799,neutral,0.8966799840825799,[]
2025-04-23 13:47:00,BA,The Boeing Company (BA) Q1 2025 Earnings Call Transcript,,Finviz,https://seekingalpha.com/article/4777295-the-boeing-company-ba-q1-2025-earnings-call-transcript?utm_source=finviz.com&utm_medium=referral&feed_item_type=transcript,0.010891266329456362,0.04575621777409639,0.03486495144464003,0.9193788307812636,neutral,0.9193788307812636,[]
